Recommand√©,Utile,Amusant,Heures,Date,Commentaire,Produits Enregistr√©s,Acc√®s Anticip√©,Rembours√©,Re√ßu Gratuitement
"0";"0";"0";"0,1";"6 janvier 2024";"ein Spiel, in dem man nur rumlaufen kann... w√§re okay, wenn das rumlaufen sauber funktionieren w√ºrde. Story=0";"";"0";"0";"0"
"0";"0";"0";"3,2";"21 octobre 2023";"bad game";"1660";"0";"0";"0"
"1";"0";"0";"1,6";"15 octobre 2023";"danke";"1318";"0";"0";"0"
"1";"0";"0";"27,9";"2 septembre 2023";"l";"";"0";"0";"0"
"1";"0";"1";"26,8";"9 aout 2023";"Nice";"2000";"0";"0";"0"
"0";"0";"0";"5,3";"13 juin 2023";">:( unspielbar ab level 12. die geb√§ude auf die man h√ºpfen soll sind einfach unsichtbar. verstand wurde verloren, do not recommend (please fix)";"89";"0";"0";"0"
"1";"0";"0";"3,9";"29 d√©cembre 2023";"This tree speaks to me.This game has, cool graphics, great movement, nice enjoyable levels. Overall, very fun platforming experience.Also I love the creator's addition of full support of a large variety of languages, big ups.";"348";"0";"0";"0"
"0";"2";"0";"27,0";"28 septembre 2023";"‚ÄòN Verlore Verstand (PC, X-box 1, PS4, N-Switch) (2016) Upfront, this is simply a broken product. Out of the 19 levels available, 2 of them are broken. Scene 8 is extremely buggy and scene 12 has a game breaking mechanic of invisible buildings. On top of this, there is a broken achievement involving collecting all the white flowers. These issues have been known since 2017 and the developer though aware of them, have refused to fix. So genuine achievement hunters will want to give this one a miss and absolutely NO ONE should buy this for full price of $21.50. There are work arounds, but they involve using 3rd party software.Principally the game is a platformer where you get to explore 18 levels that are divided into 6 different surreal scenes. The objective of every level is simply to find the exit portal tree. These 6 scenes are then repeated on an easy, medium and difficult type setting. On top of this, each unique scene has 10 specially colour coded flowers hidden among their repeats. Collect all 60 flowers, visit scene 11 and drop down into a secret teleport and you get rewarded with the last secret level, scene 19.The various scenes are‚Ä¶1)	Traverse a surreal field (10 white flowers hidden among scenes 1, 7, 13 and 18)2)	Explore a maze of either trapdoors and corridors (10 orange flowers hidden among scenes 2, 8 and 14)3)	Venture through an underworld of moving platforms and guillotine blades (10 blue flowers hidden among scenes 3, 9 and 15)4)	Run along a dangerous roadside of fast-moving trucks (10 purple flowers hidden among scenes 4, 10 and 16)5)	A complex desert scape of floating and rotating platforms to jump through (10 red flowers hidden among scenes 5, 11 and 17)6)	An 'Inception' inspired city scape where you bounce on top of moving buildings (10 pink flowers hidden among scenes 6 and 12.7)	Once you collect all 60 flowers you get access to a space scene where you have to hop along an asteroid belt which surrounds a crystalised planet/moon (There are no flowers here, but if you use the elevation glitch on the last raising platform you will discover that the planet itself surrounded by the asteroid belt actually takes on the appearance of a flower from a top/down perspective)Furthermore, there is a developer time to beat for all 19 levels. This isn‚Äôt actually hard since there are a couple of fun glitches with the game mechanics which you can use to your favour. Breaking the time trials doesn‚Äôt unlock anything further than achievements. The glitches that are helpful‚Ä¶1)	Collision glitch. Jump towards where a rope bridge meets rock and jump again when you hit that area. The collision will send you skyward so that you can land a long distance away.2)	Elevation glitch. While standing on an elevating platform press pause. Let the platform you‚Äôre standing on move through you, as you see the platform descend again on top of you, let go of pause. This will rocket you upwards high in the air.3)	Pause glitch. If the platforms are not in the right place, simply pause the game. This stops the timer, but not the animation of the platforms. Un-pause the game when the platforms you need to jump on are in a favourable position. This will save you a lot of time. Below I have made a video that showcases each glitch‚Ä¶ 	 	 		Vid√©o YouTube‚Ñ¢: N Verlore Verstand: The Secret Level, Tips and Tricks, The Dev¬† 		 			Vues¬†: 125		 		 			So as promised I explain how to unlock and find the secret level known as scene 19. I also show you some cool speed running tips and tricks you can do to make beating the devs times a walk in the...		 	 The game was made originally by 2 South African students Tiaan Gerber and his school friend Alexander Ehlers. As time went on Tiaan saw a need to separate from his friend so that his creativity was not stifled and set up Skobbejak games. Hence because of zero staff, blaring issues have remained since the games conception and simply ignored for the sake of creating new games. Ok, fair enough, but would you buy an alarm clock that fails to show 2 hours? Would it be right to sell such a broken alarm clock for full price? Would you buy a game that has 2 broken levels in it? Is it right for developer, publisher or Steam to sell such a broken product for full price?Instead of buying the game, I would highly recommend purchasing the sound track instead. The music embedded into this game fits absolutely every surreal scene perfectly. In fact, it is hard to imagine any other soundtrack than the one provided while you‚Äôre playing each scene. It invokes the right number of emotions out of the player, blends perfectly with each landscape and encourages continual involvement and exploration.The title of the game ‚ÄòN Verlore Verstand‚Äô is African for ‚Äòa lost mind‚Äô. This theme is reiterated in scene 18 when evil lightning explodes the poral tree and all the items from your previous ventures, come spilling out of the zapped tree and litter the landscape. While I guess this artistically makes a loose connection between all the scenes you have been playing and the games title, overall, it adds no depth and meaning. It‚Äôs a rather empty superficial experience that even breeds resentment into its customers thanks to it being broken and the unbelievable oversight of not adding a flower indicator so that players aren‚Äôt experiencing extreme vexation due to tedious searching of poorly visible flowers. The fact that this developer believes this game is worth $21.50, I agree with the games title. I believe the developer has in fact lost his mind‚Ä¶My Reviews: https://store.steampowered.com/curator/6843548/";"";"0";"0";"0"
"1";"0";"0";"3,6";"14 aout 2023";"Ê∏∏Êàè‰∏çË°åÔºåÊàêÂ∞±Âä†‰∏ÄÊéâÂç°Êù•Âáë„ÄÇÈºìÂä±ÊÄßÂ•ΩËØÑÔºå‰∏çË¶ÅÊ±ÇË¥®ÈáèÁöÑËØùÔºå2ÂÜÖÊé®ËçêÂÖ•Â∫ì„ÄÇ202211‰∏ãÔºåt a oÂÆùÔºåÊîØ‰ªòÂÆùÁ∫¢ÂåÖÔºåÊùâÊûúÔºåÊú¨Âπ≥Âè∞ÔºåÊú¨Âπ≥Âè∞ÂÖÖÂÄºÊäòÊâ£ÊéâÂç°Ôºåindie galaÔºåfanaticalÔºåhumbleÔºådaily indie gameÔºåloot boyÔºåÂÆÉÂ§ÑËá™ÂÆö‰πâÂåÖÂÖ•ÁöÑÊú¨‰ΩìÁ∫¶3ÂÖÉ„ÄÇÁà±‰∫∫Â¶ÇÂ∑±ÔºåÁõÆÂâçÂ∞±ËøôÔºåÁúã‰ª•ÂêéËøΩËØÑ„ÄÇÊúâ‰∏≠ÊñáÁöÑÊ∏∏ÊàèËØ∑ËÄêÂøÉËá™Á†î‰ΩìÈ™å‰πêË∂£ÔºåÊîªÁï•ÊåáÂçóÂ∞ΩÈáè‰∏çÁî®„ÄÇ‰∏çÂª∫ËÆÆ‰ΩøÁî®Â§ñÊåÇÔºåÊèí‰ª∂Ôºå‰ΩúÂºä‰πãÁ±ªÁöÑÔºåÊ∏∏ÊàèÈÉΩË¶ÅËøôÊ†∑ÊêûÔºåÈÇ£Áé∞ÂÆûÈáåÈÇ£Êõ¥ÊòØÂ¶ÇÊ≠§‰∫Ü„ÄÇÂÖÑÂºüËêåÔºåÂº∫ÁÉàÂª∫ËÆÆ‰∏çË¶ÅÁ¨¨‰∏âÊñπÂπ≥Âè∞ÁöÑÂ∞èÂ∫ó‰π∞y uÈ¢ùÔºåÈÄöËøáÈ•∞ÂìÅÁ≠âÊåÇsteamÂ∏ÇÂú∫ËΩ¨ÁöÑÔºåÈ´òÊ¶ÇÁéáred‰ø°‰πÉËá≥Â∞ÅÂè∑Ôºå‰∏îË°å‰∏îÁèçÊÉú„ÄÇ";"6019";"0";"0";"0"
"1";"0";"0";"10,0";"22 juin 2023";"I went into this thinking this was a game to turn your head off to.I was disproven.As a platform beginner, I would prefer more checkpoints where necessary.And in chapter 10 (which is a slightly altered version of chapter 4), the passing trucks became impossible to dodge, for me at least.Generally, the re-using of chapters is a little lacking in my opinion, but since this was promoted as a ""journey through my subconsciousness"", this might as well be artistic intend rather than laziness.Another problem I encountered was the rendering in chapter 8, where certain wall objects just became transparent. which, at times, caused the entire screen to turn black and had a generally instable appearance.As many people have said before, this is good from the bad, and I think that this game is great from a narrative perspective. I could not have imagined a more hilarious birthday party than sitting down with friends and playing this game for an hour, as I did. And I came back to play on, so that ain't a bad thing.";"";"0";"0";"0"
"0";"2";"0";"6,4";"28 mai 2023";"I'm on a mission to play as many Steam games as possible in alphabetical order and you can watch my review here:  	 	 		Vid√©o YouTube‚Ñ¢: Boulevard of Broken Dreams | 'n Verlore Verstand Review¬† 		 			Vues¬†: 14,994		 		 			Welcome to Steam Sequence, a series where I attempt to play and review every game on Steam in alphabetical order to see if there are any hidden gems among the piles of garbage.		 	 Tl;dr a competent first person platformer that has some lovely set-pieces and art design, but is let down by having zero plot to tie everything together and a level that  is almost impossible to beat due to an unresolved graphical glitch.";"217";"0";"0";"0"
"1";"0";"0";"1,5";"28 janvier 2023";"Es un juego de ""puzzles"" por asi decirlo, basicamente tenes que como 3-4 tipos de escenarios en los que a traves de ir saltando o esquivando coches o tocando telefonos en la ciudad/ tambien Columnas griegas ‚ô•‚ô•‚ô• una llamarada para rotar plataformas para saltar, vas llegando al lugar donde hay un arbol y luego al acercarte ese arbol te transporta hacia el siguiente nivel y asi repetis por 2 horas hasta terminar. No hay lore ni bichos ni ninguna cosa mas, simplemente habilidad de teclado e ingenio de tu mente (nunca esta de mas usarla).Tiene buena musica eso se lo reconozco, tiene buenos graficos, ambientacion y sonidos.Es un poco dudoso que decir sobre el juego.... Por un lado es barato y tiene cromos, por otro es como que no termina de convencer del todo, se siente sin finalizar en muchos aspectos y claramente es algo negativo del juego.Le daria un voto neutral pero no existe dicha categoria, De todas formas lo disfrute mientras dur√≥5/10";"1714";"0";"0";"0"
"1";"0";"0";"1,2";"25 mai 2023";"Cromos!";"";"0";"0";"0"
"1";"0";"0";"2,6";"28 avril 2023";"√ßok ikilemde kaldƒ±m t√ºrk√ße oyunlarƒ±n yanƒ±ndayƒ±z oyun sizi sabƒ±r ta≈üƒ± gibi test ediyor sabƒ±rlƒ± biriyseniz buyrun %51 ile olumlu VR desteƒüi de mevcut isterseniz";"5458";"0";"0";"0"
"1";"0";"0";"107,6";"2 avril 2023";"ü§∑";"595";"0";"0";"0"
"0";"0";"0";"0,6";"26 mars 2023";"""uma merda hein, ta maluco, mal-renderizado e som alto pa kct"" Bem-te-vi";"70";"0";"0";"0"
"1";"0";"0";"0,5";"7 mars 2023";"Hab 'n den ersten 5 Minuten schon mein Verstand verlore. Meine Erwartungen wurden somit nicht entt√§uscht üëçWenn ich Mal zu viel Zeit haben sollte, werde ich dieses Spiel weiter spielen.";"44";"0";"0";"0"
"0";"0";"2";"4,6";"29 janvier 2023";"Meine beste Freundin und ich fragen uns, auf welchen ""Substanzen"" die Entwickler des Games waren. Denn wir wollen diese auch probieren.L.G Deanna_Cat & LayraRawwr";"";"0";"0";"0"
"0";"0";"0";"2,4";"20 janvier 2023";"Esta es de las pocas veces que digo, vaya juego tan malo.";"250";"0";"0";"0"
"0";"0";"0";"8,5";"27 mai 2023";"are you ‚ô•‚ô•‚ô•‚ô•‚ô•‚ô•‚ô•‚ô• me i bought this for 14,99‚Ç¨  and now it's just 1,49‚Ç¨?seriously-i hate youscene 12 is literally unplayable for me since the ‚ô•‚ô•‚ô•‚ô•‚ô•‚ô• buildings which are flipping are invisible to me (but their hitboxes and collisions are still there)so i can't really beat it nor get the ‚ô•‚ô•‚ô•‚ô•‚ô•‚ô• pink flower‚ô•‚ô•‚ô•‚ô•‚ô•‚ô•‚ô• gameget something else for your money";"";"0";"0";"0"
"1";"0";"0";"3,5";"22 aout 2022";"Well, sometimes is lost my mind on the levels but overall its the good game i guess";"1505";"0";"0";"0"
"1";"6";"0";"10,6";"15 mars 2022";"""I lost my mind"" is the perfect name for that game";"109";"0";"0";"0"
"0";"0";"1";"0,4";"27 janvier 2022";"–ò–≥—Ä–∞ –≤—ã–≥–ª—è–¥–∏—Ç –¥–ª—è –º–µ–Ω—è –∫–∞–∫ –∫—É—Å–æ–∫ –≥–æ–≤–Ω–∞, —á—Ç–æ –≤–æ–æ–±—â–µ —è–≤–ª—è–µ—Ç—Å—è —Ü–µ–ª—å—é —ç—Ç–æ–π –∏–≥—Ä—ã? –≠—Ç–æ –±–æ–ª—å—à–µ –ø–æ—Ö–æ–∂–µ –Ω–∞ –∏–≥—Ä—É –ø—Ä–æ —Å—É–ø–µ—Ä –º–∞—Ä–∏–æ, –Ω–æ —Ö—É–∂–µ. –î–∞ –∏ —É—Ä–æ–≤–Ω–∏ –æ–¥–Ω–æ—Ç–∏–ø–Ω—ã–µ –∏ —Å–∫—É—á–Ω—ã–µ.";"32";"0";"0";"0"
"1";"0";"0";"0,8";"6 d√©cembre 2021";"Is a funny little game";"";"0";"0";"0"
"0";"0";"0";"1,2";"6 d√©cembre 2021";"this game is dirt";"292";"0";"0";"0"
"0";"2";"0";"1,8";"15 octobre 2021";"–ù–µ –∑—Ä–æ–∑—É–º—ñ–ª–æ –ø—Ä–æ —â–æ –≥—Ä–∞, –ø—Ä–æ–±—ñ–≥ –¥–µ–∫—ñ–ª—å–∫–∏ —Ä—ñ–≤–Ω—ñ–≤, –≤ –æ—Å–Ω–æ–≤–Ω–æ–º—É –ø—Ä–æ–≥—É–ª—è–Ω–∫–æ–≤–∏–π —Å–∏–º—É–ª—è—Ç–æ—Ä –∑ –ø–ª–∞—Ç—Ñ–æ—Ä–µ—Ä–æ–º —ñ –ø–∞–∑–ª–∞–º–∏. –¢—ñ –ø–∞–∑–ª–∏ —à–æ –±–∞—á–∏–≤ —Ç–æ –≤—Å—ñ –±—É–ª–∏ –∑–Ω–∞–π—Ç–∏ –≤–∏—Ö—ñ–¥ –∑ —Ä—ñ–≤–Ω—è. –î–æ—Å–∏—á—Ç—å —Å–∫—É—á–Ω–æ.";"8622";"0";"0";"0"
"0";"2";"0";"1,9";"7 aout 2021";"Ihan vitun paska. Haista paska =DD";"";"0";"0";"0"
"1";"0";"0";"6,2";"8 aout 2022";"This game isn't for most. Ultimately, this is an 'aesthetic-based' game, likened to an art-piece that draws you in. It's main draw is it's scenes, and the music that accompanies them, or the lack thereof. The gameplay is a side-dish that may, or may not be moldy.But if you enjoy walking sims without stories, difficult platformers (with a bit of frustration), and can handle confusing mazes, then you'll like this. It's cheap on sale, as well.";"497";"0";"0";"0"
"0";"17";"0";"4,2";"20 mars 2022";"""'n Verlore Verstand"" ist ein First-Person Plattformer. Der merkw√ºrdig deutsch wirkende Titel kommt daher, da√ü es Afrikaans ist, die ans niederl√§ndisch angelehnte Sprache der Buren aus S√ºdafrika.Das Spiel selbst ist atmosph√§risch und √§sthetisch durchaus gelungen, leidet aber unter Repetitionen und wenigen, aber behindernden Grafikfehlern.Wo wir uns eigentlich befinden oder was eigentlich los ist, bleibt kryptisch. Wir gehen √ºber weite Ebenen auf B√§ume zu, verlieren uns in Gang-Labyrinthen, stehen auf n√§chtlichen Schnellstra√üen und m√ºssen Autos ausweichen oder springen √ºber einem Abgrund von Plattform zu Plattform.  Einen tieferen Zusammenhang findet man kaum, h√∂chstens auf der √§sthetischen Ebene. Immerhin schafft es das Spiel, Einem die Spielmechaniken recht gut nebenbei beizubringen. Es ist meist sehr schnell klar, was in dem jeweiligen Level zu machen ist. Die R√§tsel- und Sprungpassagen sind an sich recht ordentlich gebaut und haben einen guten Schwierigkeitsgrad, der kaum zu Frust f√ºhren wird. Allerdings hat das Spiell nach ein paar Leveln ein Grafikproblem, das dazu f√ºhrt, da√ü man erstmal immer wieder ins Hauptmen√º zur√ºckkehren, wenn man scheitert. Und in diesem Level scheitert man oft. Aus diesen technischen Gr√ºnden werden wohl manche bei diesem Level aufgeben, das allerdings bereits nach etwa einem Viertel der Spielzeit schon auftaucht. Trotzdem wird man nicht allzu viel verpassen, denn nach diesem Level kommt nur wenig wirklich Neues. Viele Level kommen dann einfach noch einmal mit etwas anderer Auslegung und dadurch h√∂herem Schwierigkeitsgrad. Dieses Recycling wirkt etwas peinlich, denn bis dahin zeigte das Spiel durchaus sein kreatives Potential. Einige Bereiche sind atmosph√§risch durch die guten Lichteffekte und den teils √ºberzeugenden Soundtrack richtig gelungen. Und so ist denn eine Bewertung auch wirklich schwierig, denn f√ºr eine gewisse Zeit kann der Titel durchaus √ºberzeugen. Danach allerdings verliert sich das Spiel in Wiederholungen, die wie k√ºnstliche Spielstreckung wirken. Der Titel w√§re viel besser damit gefahren, ein Drittel der Spielzeit zu dann einem geringeren Preis anzubieten.Wertung:7/10 Atmosph√§re3/10 Story7/10 Grafik7/10 Sound5/10 Spielmechanik3/10 Balancing5/10 SpielspassFazit:Ein Drittel gelungen, zwei Drittel Wiederholungen.5/10 Gesamtwertung";"";"0";"0";"0"
"1";"0";"0";"8,7";"3 mars 2022";"A nice little puzzle game. The sound and graphic are very nice. It really feels that you play inside a deranged mind in the game. The levels are very different from eachother so it can take some time to figure some stuff out. But just enjoy..";"";"0";"0";"0"
"0";"18";"32";"26,3";"17 juillet 2021";"after scene 1 i also Verlor meinen Verstand";"121";"0";"0";"0"
"0";"0";"0";"0,1";"16 juillet 2021";"Buggy game, discussion forums report but nothing seems to be done. Unplayable in VR, but didn't boot up in time for refund. Be warned.";"667";"0";"0";"0"
"0";"0";"0";"7,0";"5 aout 2020";"A fatal BUG in level 12!";"";"0";"0";"0"
"0";"15";"17";"4,7";"11 juillet 2020";"bei szene 6 verlor ich auch meinen verstand";"722";"0";"0";"0"
"1";"3";"4";"37,2";"16 septembre 2020";"This is a great game to play, the scenery is fantastical & surreal and the puzzles are quite unique & entertaining. At first things make no sense and then you realise ... this is the nature of the game! You must get through a level to proceed to the next level. The levels and their worlds are so different i cant wait to accomplish each ""world"" to see what is coming next. I have a 3 year old pc, and this game is playing glitch free for me. I'm glad I did not let the negativity of the game reviews stop me from buying this game. Its definitely worth the price!";"";"0";"0";"0"
"1";"0";"0";"2,2";"20 aout 2020";"–ö–ª–∞—Å–Ω–∞—è –≥–æ–ª–æ–≤–æ–ª–æ–º–∫–∞, –∏–º–µ–µ—Ç –º–Ω–æ–∂–µ—Å—Ç–≤–æ —Ä–∞–∑–Ω—ã—Ö —è–∑—ã–∫–æ–≤ –¥–ª—è –∏–Ω—Ç–µ—Ä—Ñ–µ–π—Å–∞ ( —ç—Ç–∞ –ø—Ä–∞–≤–¥–∞ —É–¥–æ–±–Ω–æ) , –≥—Ä–∞—Ñ–∏–∫–∞ —Å—É–ø–µ—Ä –∏ –ø–ª—é—Å –æ–Ω–∞ –Ω–µ —Ç—Ä–µ–±–æ–≤–∞—Ç–µ–ª—å–Ω–∞, –æ—Å–æ–±–µ–Ω–Ω–æ—Å—Ç—å –∏–≥—Ä—ã —Ç–æ —á—Ç–æ –ª–æ–∫–∞—Ü–∏—è –ø–æ—Å—Ç–æ—è–Ω–Ω–æ –º–µ–Ω—è–µ—Ç—Å—è , –∏ –µ—Å–ª–∏ –≤—ã —Å–∏–¥–∏—Ç–µ –≤ –ª–∞–±–∏—Ä–∏–Ω—Ç–µ —Ç–æ —É –≤–∞—Å –Ω–µ –ø–æ–ª—É—á–∞–µ—Ç—Å—è —Å–æ—Å—Ç–∞–≤–∏—Ç—å –∫–∞—Ä—Ç—É , –≤—ã —Å–µ–±–µ –≥–æ–ª–æ–≤—É –ø—Ä–æ—Å—Ç–æ —Å–ª–æ–º–∞–µ—Ç , –ø—ã—Ç–∞—è—Å—å –µ—ë –Ω–∞—Ä–∏—Å–æ–≤–∞—Ç—å, –ø—Ä–æ—Ö–æ–¥–∏—Ç—å –±–æ–ª—å—à–∏–Ω—Å—Ç–≤–æ —É—Ä–æ–≤–Ω–µ–π —Ç–æ–ª—å–∫–æ –º–µ—Ç–æ–¥–æ–º —Ç—ã–∫–∞. –°—É—Ç—å –∫–∞–∂–¥–æ–≥–æ —É—Ä–æ–≤–Ω—è –Ω–∞–π—Ç–∏ –¥–µ—Ä–µ–≤–æ, –∏–≥—Ä–∞ —Å–ø–æ–∫–æ–π–Ω–∞—è , —Ö–æ—Ç—å –∏–º–µ–µ—Ç—Å—è –ø–∞—Ä—É –º–µ—Å—Ç –≥–¥–µ –º–æ–∂–Ω–æ —Ä–µ–∞–ª—å–Ω–æ –æ–±–æ—Å—Ä–∞—Ç—å—Å—è .  –ü—Ä–µ–¥—Å—Ç–∞–≤—å—Ç–µ —á—Ç–æ –≤—ã —Å–ø–∏—Ç–µ –∏ –º–æ–∂–µ—Ç–µ –≤–æ —Å–Ω–µ –ª–µ—Ç–∞—Ç—å , —ç—Ç–∞ –∏–≥—Ä–∞ –±–æ–ª—å—à–µ –∫ –ø—Å–∏—Ö–æ–ª–æ–≥–∏–∏ –æ—Ç–Ω–æ—Å–∏—Ç—Å—è , –≤—ã –ø—Ä–æ–≤–∞–ª–µ–≤–∞–µ—Ç–µ—Å—å –≤ –ø—Ä–æ–ø–∞—Å—Ç–∏ –∏ –Ω–∞—á–∏–Ω–∞–µ—Ç–µ –≤—Å–µ —Å–Ω–∞—á–∞–ª–∞. –≠—Ç–æ –∫—Ä—É—Ç–æ .";"74";"0";"0";"1"
"0";"13";"0";"13,6";"10 juillet 2020";"""–£ –º–æ–µ–π –¥—É—à–∏ –ª–∏–±–æ –Ω–æ–≥–∏ –Ω–∞—Ç–µ—Ä—Ç—ã, –ª–∏–±–æ —Å–ª–æ–º–∞–Ω—ã, –ª–∏–±–æ –æ—Ç–≤–∞–ª–∏–ª–∏—Å—å‚Äù (–ï–≤–≥–µ–Ω–∏–π –®–≤–∞—Ä—Ü).–î–∞–≤–Ω–µ–Ω—å–∫–æ —É–∂–µ –Ω–µ –ø–æ–ø–∞–¥–∞–ª–æ—Å—å –∏–≥—Ä, –æ –∫–æ—Ç–æ—Ä—ã—Ö —Ö–æ—Ç–µ–ª–æ—Å—å –±—ã –≤–æ–ø–∏—Ç—å ‚Äú–ù–µ—Ç! –ù–µ –ø–æ–∫—É–ø–∞–π—Ç–µ —ç—Ç–æ –Ω–∏ –∑–∞ –∫–∞–∫–∏–µ –¥–µ–Ω—å–≥–∏. –ò –¥–∞–∂–µ –µ—Å–ª–∏ –≤–∞–º –ø—Ä–∏–ø–ª–∞—Ç—è—Ç, –≤—Å—ë —Ä–∞–≤–Ω–æ –æ–±—Ö–æ–¥–∏—Ç–µ —Å–µ–π ‚Äú—à–µ–¥–µ–≤—Ä‚Äù –¥–µ—Å—è—Ç–æ–π –¥–æ—Ä–æ–≥–æ–π‚Äù. –ï—Å–ª–∏ –≤–∞–º –¥–æ—Ä–æ–≥–∏ –≤–∞—à–∏ –Ω–µ—Ä–≤—ã, –≤–∞—à–µ —á—É–≤—Å—Ç–≤–æ –ø—Ä–µ–∫—Ä–∞—Å–Ω–æ–≥–æ –∏ –≤–∞—à –∫–æ–º–ø—å—é—Ç–µ—Ä, —Ç–æ –ø—Ä–æ–π–¥–∏—Ç–µ –º–∏–º–æ —Å–µ–≥–æ –ø—Ä–æ–¥—É–∫—Ç–∞.–ü—Ä–µ–∂–¥–µ –≤—Å–µ–≥–æ, –Ω–µ –∏—â–µ—Ç–µ –∑–¥–µ—Å—å –¥–∞–∂–µ –º–∞–ª–µ–π—à–µ–≥–æ —Å—é–∂–µ—Ç–∞. –≠—Ç–æ –Ω–∞–±–æ—Ä –±–µ—Å—Å–≤—è–∑–Ω—ã—Ö —É—Ä–æ–≤–Ω–µ–π, –∫–æ–Ω—Ü–µ–ø—Ü–∏—è –∫–æ—Ç–æ—Ä—ã—Ö –ø—Ä–æ—Å—Ç–∞ ‚Äì –¥–æ–±—Ä–∞—Ç—å—Å—è –æ—Ç –æ—Ç–ø—Ä–∞–≤–Ω–æ–π —Ç–æ—á–∫–∏ –¥–æ –º–µ—Ä—Ç–≤–æ–≥–æ –¥–µ—Ä–µ–≤–∞. –°–æ–∑–¥–∞—Ç–µ–ª–∏ –ø—ã—Ç–∞—é—Ç—Å—è —É–±–µ–¥–∏—Ç—å –Ω–∞—Å, —á—Ç–æ —ç—Ç–æ —É–≤–ª–µ–∫–∞—Ç–µ–ª—å–Ω–æ–µ –ø—É—Ç–µ—à–µ—Å—Ç–≤–∏–µ –º–µ–∂–¥—É —Å–Ω–æ–º –∏ –∫–æ—à–º–∞—Ä–æ–º, –Ω–æ —Å —Ç–∞–∫–∏–º –∂–µ —É—Å–ø–µ—Ö–æ–º –º–æ–∂–Ω–æ –Ω–∞–∑–≤–∞—Ç—å –ø–æ—Ö–æ–¥ –æ—Ç –¥–æ–º–∞ –¥–æ –º–∞–≥–∞–∑–∏–Ω–∞ –Ω–µ–≤–µ—Ä–æ—è—Ç–Ω—ã–º –ø—Ä–∏–∫–ª—é—á–µ–Ω–∏–µ–º. –¢–µ—Ö–Ω–∏—á–µ—Å–∫–∏ —ç—Ç–æ –Ω–µ—á—Ç–æ –≤—Ä–æ–¥–µ –ø–∞–∑–ª-–ø–ª–∞—Ç—Ñ–æ—Ä–º–µ—Ä–∞ –æ—Ç –ø–µ—Ä–≤–æ–≥–æ –ª–∏—Ü–∞ ‚Äì –ø—Ä—ã–∂–∫–∏ –ø–æ –ø–ª–∞—Ç—Ñ–æ—Ä–º–∞–º, –ª–æ–≤—É—à–∫–∏, –ø–æ–∏—Å–∫ –ø–æ—Å–ª–µ–¥–æ–≤–∞—Ç–µ–ª—å–Ω–æ—Å—Ç–∏. –ò, –Ω–∞–≤–µ—Ä–Ω–æ–µ, —ç—Ç–æ –º–æ–≥–ª–æ –±—ã —Å—Ä–∞–±–æ—Ç–∞—Ç—å –¥–∞–∂–µ –±–µ–∑ —Å–≤—è–∑—É—é—â–µ–π –∏–¥–µ–∏. –í—Å—ë –º–æ–∂–Ω–æ –±—ã–ª–æ –±—ã —Å–ø–∏—Å–∞—Ç—å –Ω–∞ —Ç–æ, —á—Ç–æ —ç—Ç–æ –ø—Ä–æ—Å—Ç–æ –ø–æ–ª—ë—Ç —Ñ–∞–Ω—Ç–∞–∑–∏–∏, —Å—É–±—ä–µ–∫—Ç–∏–≤–Ω–æ–µ –ø—Ä–µ–¥—Å—Ç–∞–≤–ª–µ–Ω–∏–µ –æ —Å–Ω–æ–≤–∏–¥–µ–Ω–∏—è—Ö. –ù–æ —Ä–∞–∑—Ä–∞–±–æ—Ç—á–∏–∫–∏ –¥–∞–∂–µ –Ω–µ —Å—Ç–∞—Ä–∞–ª–∏—Å—å! –û–≥—Ä–æ–º–Ω—ã–µ, –Ω–æ –ø—É—Å—Ç—ã–µ –ø—Ä–æ—Å—Ç—Ä–∞–Ω—Å—Ç–≤–∞, –Ω–µ–≤—ã–Ω–æ—Å–∏–º—ã–π —Ç–∞–π–º–∏–Ω–≥, –±–ª–∞–≥–æ–¥–∞—Ä—è –∫–æ—Ç–æ—Ä–æ–º—É –æ–∂–∏–¥–∞–Ω–∏–µ –ø–æ–¥—ä—ë–º–∞ —Ä–∞—Å—Ç—è–≥–∏–≤–∞–µ—Ç—Å—è –Ω–∞ –ø–æ–ª–º–∏–Ω—É—Ç—ã –∏ –±–æ–ª–µ–µ, –ø–ª–æ—Ö–æ –≤—ã—Å—Ç—Ä–æ–µ–Ω–Ω–æ–µ –æ–∫—Ä—É–∂–µ–Ω–∏–µ, –∫–æ—Ç–æ—Ä–æ–µ —Å–±–∏–≤–∞–µ—Ç —Å —Ç–æ–ª–∫—É –∏ –Ω–µ –¥–∞—ë—Ç –Ω–∏–∫–∞–∫–∏—Ö –ø–æ–¥—Å–∫–∞–∑–æ–∫. –ú–µ—Å—Ç–∞–º–∏ –≤—Å—ë –≤—ã–≥–ª—è–¥–∏—Ç —Å–∏–º–ø–∞—Ç–∏—á–Ω–æ, –Ω–æ –≤—Å—ë –∂–µ –¥–æ–≤–æ–ª—å–Ω–æ —Å–∫—É–¥–Ω–æ. –¢–æ –∂–µ —Å–∞–º–æ–µ –º–æ–∂–Ω–æ —Å–∫–∞–∑–∞—Ç—å –∏ –æ –º—É–∑—ã–∫–µ ‚Äì –Ω–∞ –∫–∞–∫–∏—Ö-—Ç–æ —É—Ä–æ–≤–Ω—è—Ö –æ–Ω–∞ –∑–∞–ø–æ–º–Ω–∏–ª–∞—Å—å, –Ω–æ –≤ —Ü–µ–ª–æ–º ‚Äì –ø–æ—Å—Ä–µ–¥—Å—Ç–≤–µ–Ω–Ω–æ.–ù–æ –≤—Å—ë –≤—ã—à–µ–ø–µ—Ä–µ—á–∏—Å–ª–µ–Ω–Ω–æ–µ –¥–∞–∂–µ –Ω–µ –ø–æ–ª–±–µ–¥—ã. –ü—Ä–∏—á–∏–Ω–∞, –ø–æ –∫–æ—Ç–æ—Ä–æ–π ‚Äòn Verlove Verstand –≤ –ø—Ä–∏–Ω—Ü–∏–ø–µ –Ω–µ –∏–º–µ–µ—Ç –ø—Ä–∞–≤–∞ –ø—Ä–æ–¥–∞–≤–∞—Ç—å—Å—è –∑–∞ –∫–∞–∫–∏–µ-–ª–∏–±–æ –¥–µ–Ω—å–≥–∏, –ø—Ä–æ—Å—Ç–∞ ‚Äì –∏–≥—Ä–∞ —Å–ª–æ–º–∞–Ω–∞. –ò —Å–ª–æ–º–∞–Ω–∞ –Ω–µ –∞–±—ã –∫–µ–º, –∞ —Ä–∞–∑—Ä–∞–±–æ—Ç—á–∏–∫–∞–º–∏ —Å –∏—Ö –ø–æ—Å–ª–µ–¥–Ω–∏–º –ø–∞—Ç—á–µ–º. –ó–∞–≤–µ—Ä—à–∏—Ç—å 12-—ã–π —É—Ä–æ–≤–µ–Ω—å ‚Äú—á–µ—Å—Ç–Ω–æ‚Äù –Ω–µ–≤–æ–∑–º–æ–∂–Ω–æ. –°–∞–º—ã–º –ø—ã—Ç–ª–∏–≤—ã–º –∏ —Å–º–µ–∫–∞–ª–∏—Å—Ç—ã–º –∞–≤–∞–Ω—Ç—é—Ä–∏—Å—Ç–∞–º —É–¥–∞–ª–æ—Å—å –æ–±–æ–π—Ç–∏ –∏–≥—Ä–æ–≤—ã–µ —É—Å–ª–æ–≤–Ω–æ—Å—Ç–∏, –∏—Å–ø–æ–ª—å–∑—É—è –æ—à–∏–±–∫–∏ –∏ –Ω–µ —Ä–∞–±–æ—Ç–∞—é—â–∏–µ —Å–∫—Ä–∏–ø—Ç—ã. –ù–æ –∫–∞–∫ —ç—Ç–æ –æ–ø—Ä–∞–≤–¥—ã–≤–∞–µ—Ç –±–µ–∑–∞–ª–∞–±–µ—Ä–Ω–æ—Å—Ç—å –∞–≤—Ç–æ—Ä–æ–≤? –ü–æ –º–æ–∏–º –ø–æ–¥—Å—á–µ—Ç–∞–º, –ø–µ—Ä–≤—ã–µ –∂–∞–ª–æ–±—ã –Ω–∞ –¥–∞–Ω–Ω—É—é –ø—Ä–æ–±–ª–µ–º—É –¥–∞—Ç–∏—Ä—É—é—Ç—Å—è 2018-—ã–º –≥–æ–¥–æ–º. –ü—Ä–æ—à–µ–¥—à–µ–≥–æ –≤—Ä–µ–º–µ–Ω–∏ —Å –ª–∏—Ö–≤–æ–π –±—ã —Ö–≤–∞—Ç–∏–ª–æ –Ω–∞ –µ—â—ë –æ–¥–∏–Ω –∏–Ω–¥–∏-–ø—Ä–æ–µ–∫—Ç, –¥–∞ —Ç–æ–ª—å–∫–æ –≤–æ–∑ –∏ –Ω—ã–Ω–µ —Ç–∞–º. –ü–æ–º–∏–º–æ —Ç–æ–≥–æ, –∏ –¥—Ä—É–≥–∏–µ —É—Ä–æ–≤–Ω–∏ –ø–æ–ª–Ω—ã –ø—É—Å—Ç—å –∏ –º–µ–ª–∫–∏—Ö, –Ω–æ –∑–∞–º–µ—Ç–Ω—ã—Ö –±–∞–≥–æ–≤ ‚Äì —Ç–æ —Å—Ç–µ–Ω—ã –º–µ—Ä—Ü–∞—é—Ç, —Ç–æ –ø—Ä–µ–≥—Ä–∞–¥—ã –æ—Ç–∫–∞–∑—ã–≤–∞—é—Ç—Å—è —Ä—É—à–∏—Ç—å—Å—è, —Ç–æ —Å–∫—Ä–∏–ø—Ç—ã —Å—Ä–∞–±–∞—Ç—ã–≤–∞—é—Ç —Ä–∞–Ω—å—à–µ –≤—Ä–µ–º–µ–Ω–∏ –∏ —ç—Ç–æ –ø—Ä–∏–≤–æ–¥–∏—Ç –∫ —Ç–æ–º—É, —á—Ç–æ –ø–µ—Ä—Å–æ–Ω–∞–∂–∞ —Å–±–∏–≤–∞–µ—Ç –º–∞—à–∏–Ω–∞ –ø—Ä—è–º–æ –Ω–∞ —Å—Ç–∞—Ä—Ç–µ.–ú–Ω–µ —Å—Ç–æ–∏–ª–æ —É—Å–∏–ª–∏–π –ø—Ä–æ–π—Ç–∏ —ç—Ç–æ –¥–æ –∫–æ–Ω—Ü–∞. –ë—ã–ª–∏ –∏–Ω—Ç–µ—Ä–µ—Å–Ω—ã–µ –º–æ–º–µ–Ω—Ç—ã, –Ω–æ –æ–Ω–∏ –±–ª–µ–∫–Ω—É—Ç –ø–µ—Ä–µ–¥ –ø–æ—Ç—Ä–∞—á–µ–Ω–Ω—ã–º –≤—Ä–µ–º–µ–Ω–µ–º –∏ —É–±–∏—Ç—ã–º–∏ –Ω–µ—Ä–≤–∞–º–∏. –û—Ü–µ–Ω–∏–≤–∞—Ç—å —Ç–æ, —á—Ç–æ –Ω–µ —Ä–∞–±–æ—Ç–∞–µ—Ç –¥–æ–ª–∂–Ω—ã–º –æ–±—Ä–∞–∑–æ–º, - –Ω–µ–¥–æ–ø—É—Å—Ç–∏–º–æ. –ù–æ —á—Ç–æ –æ—Å—Ç–∞—ë—Ç—Å—è, –µ—Å–ª–∏ –∞–ª—å—Ç–µ—Ä–Ω–∞—Ç–∏–≤—ã –Ω–µ—Ç? –ö–∞–∫ –Ω–µ—Ç –∏ –æ–±—Ä–∞—Ç–Ω–æ–π —Å–≤—è–∑–∏ –æ—Ç —Ä–∞–∑—Ä–∞–±–æ—Ç—á–∏–∫–æ–≤. –≠—Ç–æ –Ω–µ–¥–æ—Ä–∞–∑—É–º–µ–Ω–∏–µ, –∑–∞ –∫–æ—Ç–æ—Ä–æ–µ –∑–∞–ø—Ä–∞—à–∏–≤–∞—é—Ç –Ω–µ–º–∞–ª—ã–µ, –∫–∞–∫ –º–Ω–µ –∫–∞–∂–µ—Ç—Å—è, –¥–µ–Ω—å–≥–∏, –∑–∞—Å–ª—É–∂–∏–≤–∞–µ—Ç —Ç–æ–ª—å–∫–æ –æ–¥–Ω–æ–π –æ—Ü–µ–Ω–∫–∏. –ò —ç—Ç–∞ –æ—Ü–µ–Ω–∫–∞ —Ä–µ–∑–∫–æ –Ω–µ–≥–∞—Ç–∏–≤–Ω–∞—è.";"";"0";"0";"0"
"1";"5";"0";"4,2";"23 avril 2020";"TL;DR: The game is fine for what it is, a short puzzle platformer made by a small dev team, yes the movement can be a little clunky but you just have to take some time to understand it, well worth it if you pick it up on sale especially (which it goes on often),Not really sure how to review this one briefly but I will take some criticisms and explain why I feel they are incorrect:1. Story/Narrative/Structure, I have no idea why this is a negative, the game was developed by a very small team and is a puzzle platformer, I'm personally very glad they didn't waste time botching a meaningless story in the game and forcing it upon the player. As for structure, you go from one stage to the next, I'm not sure how that can be difficult to follow.2. Controls/Buggy, I did beat the game and at the start some of the movement was difficult to control, however this is generally when you are on the side of things it will shove you down which I believe is a means to stop you breaking the game, after playing for 30 minutes I felt in almost full control of the games controls and had no issues on the harder platforming levels, if I fell it was my fault, not the games. Other than this I encountered no bugs what so ever, infact I tried to break the game often (destructive testing) and 99% of the time it was robust.3. No Checkpoints/Saves, This is just wrong, the circular fires are generally check points, and on the platformer levels the game saves for you, not entirely sure where this point comes from, I never once had the feeling that the game wasn't saving my progress enough.4. Too Easy, I guess this is relative to player from player but I found some of the stages (middle to late game) to be quite challenging and got a definitely feeling of accomplishment after beating them (the second desert platforming sticks in my mind)5. VR Problems, I do not have a headset so I cannot address this,6. FPS Issues, I solved all the graphical issues by forcing v-sync on the game via my Nvidia control panel,";"902";"0";"0";"0"
"0";"0";"0";"0,4";"4 juillet 2020";"Spiel ist auf der oculus rift nicht spielbar.Wenn das Spiel startet kann man erst ausw√§hlen ob man es mit joystick oder maus spielt.als n√§chstes kommt ein bildschirm mit flagen dort kann man dan nichts mehr machen.Spiel h√§tte mich echt intressiert.funktioniert aber leider nicht in vr.";"";"0";"0";"0"
"1";"0";"0";"4,4";"14 mars 2020";"Surreal collection of rather simple atmospheric levels. It was not that bad as ""mostly negative"" rating might indicate, We quite enjoyed it with my 5 yo daughter. One level even forced us to draw a map on checkered paper ...what game will give you this experience today? I was telling her the tales of the dungeons with our hand-drawn maps - of the ancient times 30+ years ago. :)If you can get this game under 3 or 4‚Ç¨ & you like tranquil puzzles in 3d, buy it.";"";"0";"0";"0"
"0";"0";"0";"2,2";"7 d√©cembre 2019";"–∞—Ç–º–æ—Å—Ñ–µ—Ä–Ω–æ—Å—Ç—å - –¥–∞–Ω–µ—Å—Ç–∞–Ω–¥–∞—Ä—Ç–Ω—ã–µ –∏–≥—Ä–æ–≤—ã–µ –º–µ—Ö–∞–Ω–∏–∫–∏ - –¥–∞–∫—Ä–∞—Å–∏–≤–∞—è –≥—Ä–∞—Ñ–∏–∫–∞ - –Ω–µ—Ç""—É–¥–æ–±–Ω–∞—è"" —Ñ–∏–∑–∏–∫–∞ - –Ω–µ—Ç—Å—é–∂–µ—Ç - –Ω–µ—Ç–≤–Ω—è—Ç–Ω–∞—è –∫–æ–Ω—Ü–æ–≤–∫–∞ - –Ω–µ—Ç3 –º–µ—Ä—Ç–≤—ã—Ö –¥–µ—Ä–µ–≤–∞ –∏–∑ 10";"2391";"0";"0";"0"
"0";"2";"0";"0,3";"30 septembre 2019";"–û–ß–ï–ù–¨-–û–ß–ï–ù–¨ —Å–∫—É—á–Ω–∞—è –∏ –∑–∞–±–∞–≥–æ–≤–∞–Ω–Ω–∞—è —Ö–æ–¥–∏–ª–∫–∞. –Ø –≤–∞—Å –∑–∞–∫–ª–∏–Ω–∞—é, –ø—Ä–æ–π–¥–∏—Ç–µ –º–∏–º–æ, –Ω–µ —Ç—Ä–∞—Ç—å—Ç–µ –¥—Ä–∞–≥–æ—Ü–µ–Ω–Ω—ã–µ —á–∞—Å—ã –∏ –º–∏–Ω—É—Ç—ã –Ω–∞ –Ω–∏–∑–∫–æ–ø—Ä–æ–±–Ω–æ–µ –¥–µ—Ä—å–º–∏—â–µ";"1648";"0";"0";"0"
"0";"0";"0";"0,2";"24 juin 2019";"It's essentially a minimalist somewhat creepy maze puzzle. Might be enjoyable if it didn't also have death pits that don't make it clear how much progress you have lost. I gave up on trying to enjoy it.";"160";"0";"0";"0"
"0";"4";"2";"24,2";"29 novembre 2019";"ORIGINAL REVIEW (11/29/2019): This game might be the buggiest game I have ever played in my life. I would enjoy the game if it weren't for the game-breaking glitches that make the objects and platforms become invisible or lose their textures, especially the maze levels as they are practically unbeatable and unplayable because of the glitches. PLAYTEST THE GAME BEFORE UPLOADING TO STEAM DAMMIT!UPDATE (7/25/2023):After replaying this and grinding for achievements, I can safely say that the other levels are not much better. - A lot of the levels suffer from high amounts of tedium. - The highway levels are unreasonably difficult due to the hit-boxes that are bigger than the trucks that run you over. - I was wondering why Level 8 (the maze level I mentioned in my original review) was very glitchy and almost unplayable. Apparently it is an asset flip done poorly. Look up ""HE - Abandoned Manor Exterior v.1.1"", and you'll see what I mean.- On the biggest platforming level (Level 11 I think), sometimes the elevator (the one that takes you back up from where you fell) will disappear, making you have to restart the level. - Level 12 is COMPLETELY BROKEN. The skyscrapers that come from the walls are completely invisible, rendering the platforming impossible. I was only able to beat this level using a glitch, but that means you will not be able to collect the pink flower that is high in the sky.- You know what's a BRILLIANT idea for a level, or to be more specific, Level 14? Oh I know, spamming trapdoors all over the place that kill you! Yeah that wouldn't be infuriating, right?- When you hug a wall after jumping, you will accelerate toward the ground for no reason. - The white flowers in Level 18 might be completely invisible as even after I looked up a walkthrough, I still could not find a single one. The only positive thing I can say about this game is that the soundtrack is pretty good. UPDATE (7/30/2023):I deleted my save and collected all the flowers again (including the pink flower in Level 12 because apparently you can explore the area before tilting it on its side), and this time the white flowers in Level 18 were not invisible. In the secret level, some of the jumps are stupid because if you don't land on a rock a certain way, you cannot jump. But other than that, that level was pretty ok. But I have found yet another triggering flaw: the achievement for getting all the other achievements simply does not unlock. But that doesn't matter because I'm likely not coming back to this game.";"736";"0";"0";"0"
"0";"2";"0";"0,3";"10 juin 2019";"Totally broken in VR.";"198";"0";"0";"0"
"0";"3";"0";"43,0";"20 f√©vrier 2019";"VERY VERY BUGGY.";"";"0";"0";"0"
"0";"4";"0";"1,0";"27 novembre 2019";"Such a shame as this game looks like the type of game I'd enjoy.  Unfortunately it's completely unplayable on my Vive.   They tell me I need a Game Controller to play (no support for motion controllers).  So I choose this as the game device when prompted, only to find that the next screen where you select a language doesn't work with a controller ... you apparently have to choose the mouse.  What's worse is, the language setting is never saved, you have to select it every time unlike some of the other settings which are!   Ok, so now I finally get to play the game.  All seems well and I can see a tree, I walk up to it and get teleported to a building where I drop through the floor and end up with my head just one foot above the floor, having to jump to get through any door ways as my movement is blocked otherwise.  Eventually, I get to a door that's open but impossible to get through.  No way of progressing!  I look for help in the discussions and the devs tell Vive users to ensure you calibrate your floor height first, so I do so even though I have no reason to believe it's incorrect.  Makes no difference, I'm clearly walking on the surface on the starting level, then five foot beneath it on the second!  Has to be the worst experience I've had out of hundreds of games I've played in VR.  Refunded.";"";"0";"1";"0"
"0";"6";"0";"9,7";"19 octobre 2019";"'n Verlore Verstand est l'enfant immonde et oubli√© du fameux d√©veloppeur ""schobbejak games"" surtout connus pour des jeux tr√®s √©tranges et souvent assez glauques pour g√™ner m√™me les plus endurcies des habitu√©s. Alors, ce ""nouveau"" jeu est comment? Au niveau des pr√©c√©dents? Au-dessus? En dessous? Est-ce seulement possible?Une histoire de cauchemars?Un r√©sum√© vaut largement un bon millier de mots, donc le voici:Dans 'n Verlore Verstand vous serez transport√© dans la r√©alit√© des r√™ves et des cauchemars. Que d√©couvrez-vous sur vous-m√™me dans ce voyage √† travers le subconscient? Dans ces domaines de l'inconnu, vous devez voyager √† travers des labyrinthes de souvenirs pour finalement trouver le chemin de votre propre v√©rit√©.Je suis oblig√© d'avouer que j'ai appris une v√©rit√© sur ce jeu, il ne vaut rien, absolument rien. Donc en soi le jeu √† fonctionner, car c'est mon subconscient qui m'a intim√© cette id√©e apr√®s presque huit heures de jeu. Tout y passe et le manque flagrant d'histoire n'en est que le d√©but.Un gameplay ind√©pendant du budget r√©vis√©e?Vous passerez le temps que vous acceptez d'allouer √† ce jeu √† changer de gameplay, car il s'agit simplement de chapitre tout diff√©rent avec √† chaque fois un syst√®me de r√©ussite sp√©cifique. Certains des chapitres seront des niveaux ""Bunny"" (entendez par l√† que vous passerez votre temps √† sauter de plateforme en plateforme), d'autres seront des courses effr√©n√©es vers une zone ""safe"", d'autres sont un m√©lange des deux ou alors des √©nigmes, donc que du bonheur.Pour vous donner un ordre d'id√©e, si vous n'√™tes pas trop manchot, vous changerez de style de jeu toute les cinq minutes environ, c'est beaucoup trop rapide pour v√©ritablement appr√©cier le genre que l'on joue √† l'instant T. Un petit attachement aux labyrinthes pi√©g√©s qui est juste bon √† vous faire mourir un bon million de fois dans un couloir avant d'esp√©rer r√©ussir √† passer la zone correspondante. Dans bien des zones vous serez oblig√© d'user de technique proche du cheat pour esp√©rer passer tant les bugs sont fr√©quents. La chose que je supporte le moins dans ce jeu est la fain√©antise des d√©veloppeurs qui se sont content√©s de prendre neuf chapitres et les ont juste rendus plus difficiles pour faire les niveaux sup√©rieurs, le mieux et je pense qu'ils ne le cachent m√™me pas, ils auraient pu l√©g√®rement changer les couleurs ou la forme des obstacles, mais non, les d√©veloppeurs n'en ont rien eu √† faire. Ces dommages.Une ambiance sonore puissante?Nop, ce jeu ne poss√®de quasiment aucun bruit ce qui ajoute √©norm√©ment √† votre frustration quand vous avancez dans une √©nigme dont la solution est √©gale √† une division par z√©ro.Les √©nigmes ne sont pas expliqu√©es et personne ne vous aidera, une fois jet√© dans le jeu, vous devez vous d√©brouiller.Pour parler plus pr√©cis√©ment de l'ambiance, le jeu poss√®de une liste de musique assez incroyable avec... une musique qui se relance ind√©finiment, tr√®s rapidement vous ne la supporterez plus et vous pr√©f√©rerez chercher une tracklist sur internet (merci aux piano pour m'avoir aid√© √† traverser certains passages), donc l'ambiance est aussi √† revoir enti√®rement.De bon vieux graphismes?Mon Dieu que quelqu'un vient en aide √† ce jeu!Pour √™tre plus s√©rieux il a excessivement mal vieilli, les graphismes sont grossiers et fuyants, une bonne moiti√© des objets pr√©sents dans le jeu on tout simplement √©t√© oubli√© durant le codage et du coup on peut tellement s'en approcher qu'on passe au travers alors que ce sont des choses qu'on ne devrait pas traverser, (plateforme mouvante tant de bon souvenir).Des bugs de pr√©cision?L√† on s'attaque √† ce que j'aime, ce jeu est juste truff√© de bug, certains dr√¥les, d'autres √©nervants, d'autres frustrants il y en a pour tous les go√ªts, de ce c√¥t√© tout le monde sera servi et auras le droit √† son plaisir personnel. Voici une liste non exhaustive de ceux que j'ai eu le plaisir ou le d√©plaisir de rencontrer:-Repop syst√©matique des touches (configurez-les comme vous le souhaitez, elles reviendront √† ce que veut le jeu √† chaque fois que vous le quitterez).-Bug de la vision (votre vision se bloguera de temps en temps en position haute pendant un certain temps, de quelques secondes √† deux minutes).-Hitbox des plateformes tout simplement sabot√©es (on les traverses quand elle ne se d√©place pas et quand elle se d√©place vous ne pouvez pas rester accroch√© √† la fameuse et vous tombez).-Si vous voulez rire un bon coup, sautez sur une plateforme mouvante et appuyez sur la pause (le monde continue de se d√©placer, mais pas vous, que du bonheur).-Les murs peuvent tout simplement disparaitre devant vous (c'est nouveau sur mes √©valuations voici quelques captures d'√©cran bien pens√©). 	 	 		... ... ... ...¬† 		Une capture d'√©cran de 'n Verlore Verstand 		Par¬†: [ES.GR] masterriders 		 					 	 -Hitbox du personnage (le personnage passe au travers des murs, des structures ou glisse sur les plateformes une fois sur deux quand ce n'est pas la plateforme qui arr√™te de fonctionner).-Les saut son plut√¥t correctement bugu√©s (vous avez deux types de saut, long et court, mais une fois sur quatre le saut que vous ferrez ne seras pas le bon malgr√© les boutons activ√©s).-Le meilleur est un bug dans les textures qui m'as forc√© √† utiliser d'autres vid√©os pour avancer, pour l'expliquer simplement dans le chapitre XII √† un moment donn√© vous allez vous croire dans le film ""Inception"" sauf que l√† vous devrez sauter sur les immeubles pour avancer et moi... bah... une grande partie des immeubles sont invisibles, pas faciles dans ces conditions de sauter dessus pour avancer, voici la preuve en images. 	 	 		Normalement le sol est cens√© apparaitre.¬† 		Une capture d'√©cran de 'n Verlore Verstand 		Par¬†: [ES.GR] masterriders 		 					 	 Pour finir avec cette chose.De mon point de vue ce jeu ne vaut rien, absolument rien, ni votre temps, ni votre argent, ni m√™me votre r√©flexion.Il date s√©rieusement (je le sais) et devrait √™tre pris comme tel (pour les graphismes et le gameplay), ok, mais je ne peux pas excuser le reste.Bonne journ√©e, merci de m'avoir lu en partie ou jusqu'aux bouts, mais surtout si vous vouliez tester ce jeu, √©vitez-le comme la peste. Ne faites pas comme moi, ne perdez pas huit heures de votre vie.";"";"0";"0";"0"
"0";"6";"0";"1,9";"16 juin 2019";"–ï—Å–ª–∏ –±—ã 'n Verlore Verstand —Ä–∞—Å–ø—Ä–æ—Å—Ç—Ä–∞–Ω—è–ª–∞—Å—å –±–µ—Å–ø–ª–∞—Ç–Ω–æ, –≤–æ–∑–º–æ–∂–Ω–æ, —è –±—ã –¥–∞–∂–µ –ø–æ—Å—Ç–∞–≤–∏–ª –µ–π –ø–æ–ª–æ–∂–∏—Ç–µ–ª—å–Ω—É—é –æ—Ü–µ–Ω–∫—É: –≤ –Ω–µ–π –µ—Å—Ç—å —Å–≤–æ–∏ –ø—Ä–∏—è—Ç–Ω—ã–µ –º–æ–º–µ–Ω—Ç—ã, –Ω–∞ –∫–æ—Ç–æ—Ä—ã–µ –Ω–µ –∂–∞–ª—å –ø–æ—Ç—Ä–∞—Ç–∏—Ç—å –≤—Ä–µ–º—è, –∞ –ø–æ—Ç–æ–º –∑–∞–∫—Ä—ã—Ç—å –∏–≥—Ä—É –∏ –∑–∞–±—ã—Ç—å –æ –Ω–µ–π. –û–¥–Ω–∞–∫–æ —Ç–µ—Ä–ø–µ—Ç—å —ç—Ç–æ—Ç –∫—É—Å–æ–∫ –∫–æ–¥–∞ –∑–∞ –º–æ–∏ –∂–µ $9.99 - –∫—Ä–∞–π–Ω–µ —Å–æ–º–Ω–∏—Ç–µ–ª—å–Ω–æ–µ –∑–∞–Ω—è—Ç–∏–µ, –∏ –æ–Ω–æ –æ—Å—Ç–∞–Ω–µ—Ç—Å—è —Ç–∞–∫–æ–≤—ã–º –¥–∞–∂–µ –≤ —Å–ª—É—á–∞–µ –∫—Ä—É–ø–Ω–æ–π —Å–∫–∏–¥–∫–∏.–î–∞–Ω–Ω—ã–π –ø—Ä–æ–µ–∫—Ç —Å–æ—á–µ—Ç–∞–µ—Ç –≤ —Å–µ–±–µ —Å—Ä–∞–∑—É –¥–≤–∞ –Ω–µ —Å–ª–∏—à–∫–æ–º –ø–æ–ø—É–ª—è—Ä–Ω—ã—Ö –≤ –Ω–∞—Ä–æ–¥–µ –∂–∞–Ω—Ä–∞: maze game –∏ –ø–ª–∞—Ç—Ñ–æ—Ä–º–µ—Ä –æ—Ç –ø–µ—Ä–≤–æ–≥–æ –ª–∏—Ü–∞. –ß—Ç–æ–±—ã —Å–¥–µ–ª–∞—Ç—å –≤ —Ç–∞–∫–∏—Ö —É—Å–ª–æ–≤–∏—è—Ö –∏–≥—Ä—É, –æ—Ç –∫–æ—Ç–æ—Ä–æ–π –Ω–µ –ø–ª–µ–≤–∞–ª–∏—Å—å –±—ã –¥–∞–∂–µ –ø–æ–∫–ª–æ–Ω–Ω–∏–∫–∏ —ç—Ç–∏—Ö –∂–∞–Ω—Ä–æ–≤ –ø–æ –æ—Ç–¥–µ–ª—å–Ω–æ—Å—Ç–∏, –Ω—É–∂–Ω–æ –¥–æ–ª–≥–æ –∏ —Ç—â–∞—Ç–µ–ª—å–Ω–æ —Ä–∞–±–æ—Ç–∞—Ç—å –Ω–∞–¥ –≥–µ–π–º–ø–ª–µ–µ–º –∏ —É—Ä–æ–≤–Ω–µ–º —Å–ª–æ–∂–Ω–æ—Å—Ç–∏, —Ç–µ—Å—Ç–∏—Ä—É—è –∫–∞–∂–¥—ã–π —É—Ä–æ–≤–µ–Ω—å –Ω–∞ –∂–∏–≤–æ–π –∞—É–¥–∏—Ç–æ—Ä–∏–∏. –ò –ø–∞—Ä–∞–¥–æ–∫—Å –≤ —Ç–æ–º, —á—Ç–æ –ø–µ—Ä–≤—ã–µ –¥–≤–∞ —É—Ä–æ–≤–Ω—è VV - –Ω–µ —Å—á–∏—Ç–∞—è –≤—Å—Ç—É–ø–∏—Ç–µ–ª—å–Ω–æ–π —Å—Ü–µ–Ω—ã, –≥–¥–µ –Ω–∞–º –ø—Ä–æ—Å—Ç–æ –Ω—É–∂–Ω–æ –∏–¥—Ç–∏ –≤–ø–µ—Ä–µ–¥ - –≤—ã–ø–æ–ª–Ω–µ–Ω—ã –≤–ø–æ–ª–Ω–µ –∫—Ä–µ–ø–∫–æ: –ª–∞–±–∏—Ä–∏–Ω—Ç –Ω–µ —Å–ª–∏—à–∫–æ–º –∑–∞–ø—É—Ç–∞–Ω, –ª–æ–≤—É—à–µ–∫ –Ω–∞ –∫–∞—Ä—Ç–µ –≤—Å–µ–≥–æ –¥–≤–µ (–ø—Ä–æ–≤–∞–ª–∏–≤–∞—é—â–∏–µ—Å—è –ø–æ–ª—ã), —á–µ–∫–ø–æ–∏–Ω—Ç—ã —Ä–∞—Å—Å—Ç–∞–≤–ª–µ–Ω—ã —Å —É—á–µ—Ç–æ–º, —á—Ç–æ –∏–≥—Ä–æ–∫ –º–æ–∂–µ—Ç –≤ —ç—Ç–∏ –ª–æ–≤—É—à–∫–∏ —É–≥–æ–¥–∏—Ç—å, –∏ –æ—Å–≤–æ–±–æ–∂–¥–∞—é—Ç –µ–≥–æ –æ—Ç –Ω–µ–æ–±—Ö–æ–¥–∏–º–æ—Å—Ç–∏ –ø–µ—Ä–µ–∏–≥—Ä—ã–≤–∞—Ç—å –≤—Å–µ —Å –Ω–∞—á–∞–ª–∞.–í—Ç–æ—Ä–æ–π —É—Ä–æ–≤–µ–Ω—å –≤–≤–æ–¥–∏—Ç –≤ –ª–∞–±–∏—Ä–∏–Ω—Ç —ç–ª–µ–º–µ–Ω—Ç—ã –ø–ª–∞—Ç—Ñ–æ—Ä–º–∏–Ω–≥–∞, –Ω–æ, –≤–æ-–ø–µ—Ä–≤—ã—Ö, –ø—Ä—ã–≥–∞–µ–º –º—ã –ø–æ –ª–µ—Ç–∞—é—â–∏–º –æ—Å—Ç—Ä–æ–≤–∞–º, –Ω–∞ –∫–æ—Ç–æ—Ä—ã—Ö –≥–æ—Ä–∏—Ç –æ–≥–æ–Ω—å, –∫ –∫–æ—Ç–æ—Ä–æ–º—É –∏–≥—Ä–æ–∫ –¥–æ–ª–∂–µ–Ω –ø–æ–¥–æ–π—Ç–∏ –¥–ª—è –∞–∫—Ç–∏–≤–∞—Ü–∏–∏ –æ—á–µ—Ä–µ–¥–Ω–æ–≥–æ —Å–∫—Ä–∏–ø—Ç–∞ (—Å—Ç–µ–Ω –Ω–µ—Ç, –∑–∞–±–ª—É–¥–∏—Ç—å—Å—è –Ω–∞–¥–æ–ª–≥–æ –Ω–µ –ø–æ–ª—É—á–∏—Ç—Å—è), –≤–æ-–≤—Ç–æ—Ä—ã—Ö, –ø–æ–¥—Å–∫–∞–∫–∏–≤–∞–µ—Ç –Ω–∞—à –≥–µ—Ä–æ–π –≤—ã—Å–æ–∫–æ –∏ –æ–ø—É—Å–∫–∞–µ—Ç—Å—è –º–µ–¥–ª–µ–Ω–Ω–æ (—Å–ª–æ–≤–Ω–æ –æ–Ω –∫–æ—Å–º–æ–Ω–∞–≤—Ç –Ω–∞ –õ—É–Ω–µ), —á—Ç–æ –ø–æ–∑–≤–æ–ª—è–µ—Ç –ø–µ—Ä–µ–º–µ—â–∞—Ç—å—Å—è –æ—Ç –ø–ª–∞—Ç—Ñ–æ—Ä–º—ã –∫ –ø–ª–∞—Ç—Ñ–æ—Ä–º–µ –±–µ–∑ –æ—Å–æ–±—ã—Ö –ø—Ä–æ–±–ª–µ–º, –∏, –≤-—Ç—Ä–µ—Ç—å–∏—Ö, –ø–æ –Ω–∞–∂–∞—Ç–∏—é Shift –ø—Ä–æ—Ç–∞–≥–æ–Ω–∏—Å—Ç —Å–ø–æ—Å–æ–±–µ–Ω —É—Å–∫–æ—Ä—è—Ç—å—Å—è –Ω–µ —Ç–æ–ª—å–∫–æ –≤–æ –≤—Ä–µ–º—è —Ö–æ–¥—å–±—ã, –Ω–æ –∏ –≤–æ –≤—Ä–µ–º—è –ø–æ–ª–µ—Ç–∞, —á—Ç–æ –¥–µ–ª–∞–µ—Ç –ø–ª–∞—Ç—Ñ–æ—Ä–º–∏–Ω–≥ –µ—â–µ –±–æ–ª–µ–µ –∫–æ–º—Ñ–æ—Ä—Ç–Ω—ã–º. –ß–µ–ª–ª–µ–Ω–¥–∂ –≤—Å–µ –µ—â–µ –æ—Å—Ç–∞–µ—Ç—Å—è - —Å–≤–∞–ª–∏—Ç—å—Å—è –∏–ª–∏ –Ω–µ –¥–æ–ª–µ—Ç–µ—Ç—å –∫—É–¥–∞ –Ω–∞–¥–æ –∑–¥–µ—Å—å –¥–æ–≤–æ–ª—å–Ω–æ –ø—Ä–æ—Å—Ç–æ - –Ω–æ —á–µ–∫–ø–æ–∏–Ω—Ç—ã —Ä–∞—Å—Å—Ç–∞–≤–ª–µ–Ω—ã –ø–æ –∫–∞—Ä—Ç–µ —Ç–∞–∫, —á—Ç–æ–±—ã –∏–≥—Ä–æ–∫—É –Ω–µ –ø—Ä–∏—Ö–æ–¥–∏–ª–æ—Å—å –ø–µ—Ä–µ–∏–≥—Ä—ã–≤–∞—Ç—å —Å–∞–º—ã–µ —Å–ª–æ–∂–Ω—ã–µ —É—á–∞—Å—Ç–∫–∏ –∑–∞–Ω–æ–≤–æ. –ö—É–¥–∞ –∏–¥—Ç–∏ - –ø–æ–Ω—è—Ç–Ω–æ (–Ω–∞ –æ–≥–æ–Ω—å), –∑–∞–±–ª—É–¥–∏—Ç—å—Å—è —Ç—Ä—É–¥–Ω–æ (–Ω–µ—Ç —Å—Ç–µ–Ω), –º–µ—Ö–∞–Ω–∏–∫–∞ –ø–ª–∞—Ç—Ñ–æ—Ä–º–∏–Ω–≥–∞ —É–¥–æ–±–Ω–∞—è, —Å–º–µ—Ä—Ç—å –Ω–µ –ø—Ä–∏–Ω–æ—Å–∏—Ç —Ñ—Ä—É—Å—Ç—Ä–∞—Ü–∏–∏. –ü–µ—Ä–µ–¥ –Ω–∞–º–∏ –æ—Ç–ª–∏—á–Ω—ã–π 3D-–ø–ª–∞—Ç—Ñ–æ—Ä–º–µ—Ä –æ—Ç –ø–µ—Ä–≤–æ–≥–æ –ª–∏—Ü–∞? –†–æ–≤–Ω–æ –Ω–∞ –æ–¥–∏–Ω —É—Ä–æ–≤–µ–Ω—å.–ù–µ–≤–Ω—è—Ç–Ω—ã–π —Ç—Ä–µ—Ç–∏–π —É—Ä–æ–≤–µ–Ω—å —Å —É–∫–ª–æ–Ω–µ–Ω–∏–µ–º –æ—Ç –∞–≤—Ç–æ–º–æ–±–∏–ª–µ–π –≤—Å–µ –µ—â–µ –Ω–µ –≤—ã–∑—ã–≤–∞–µ—Ç –æ—Å–æ–±—ã—Ö —Ç—Ä—É–¥–Ω–æ—Å—Ç–µ–π, –æ–¥–Ω–∞–∫–æ —á–µ—Ç–≤–µ—Ä—Ç—ã–π, —Å –ª–µ—Ç–∞—é—â–∏–º–∏ –ø–æ –ø—É—Å—Ç—ã–Ω–µ –ø–ª–∏—Ç–∞–º–∏, —Ä–∞—Å—Å—Ç–∞–≤–ª—è–µ—Ç –≤—Å–µ –ø–æ —Å–≤–æ–∏–º –º–µ—Å—Ç–∞–º. –¢–æ–Ω–∫–∞—è –≥—Ä–∞–Ω—å –æ—Ç–¥–µ–ª—è–µ—Ç —Ö–æ—Ä–æ—à–∏–π –ø–ª–∞—Ç—Ñ–æ—Ä–º–µ—Ä –æ—Ç rage-–∏–≥—Ä—ã, –∏ 'n Verlore Verstand –ø–µ—Ä–µ—Ö–æ–¥–∏—Ç –µ–µ –ø—Ä—è–º–æ –Ω–∞ –≥–ª–∞–∑–∞—Ö —É –∏–≥—Ä–æ–∫–∞, –ø—Ä–µ–¥–ª–∞–≥–∞—è –µ–º—É –∫–∞—Ä—Ç—É —Å –¥–∞–ª–µ–∫–æ —Ä–∞—Å—Å—Ç–∞–≤–ª–µ–Ω–Ω—ã–º–∏ –¥—Ä—É–≥ –æ—Ç –¥—Ä—É–≥–∞ –¥–≤–∏–∂—É—â–∏–º–∏—Å—è –æ—Å—Ç—Ä–æ–≤–∞–º–∏ (–ø—Ä–æ—Ç–∏–≤ –∫–æ—Ç–æ—Ä—ã—Ö –Ω–µ –ø–æ–º–æ–≥–∞–µ—Ç –¥–∞–∂–µ —É—Å–∫–æ—Ä–µ–Ω–∏–µ –≤ –≤–æ–∑–¥—É—Ö–µ - —Ç–∞–π–º–∏–Ω–≥ –¥–æ–ª–∂–µ–Ω –±—ã—Ç—å –∏–¥–µ–∞–ª—å–Ω—ã–º), –º–∞–ª—ã–º —á–∏—Å–ª–æ–º —á–µ–∫–ø–æ–∏–Ω—Ç–æ–≤ (–∏–∑-–∑–∞ —á–µ–≥–æ –ø—Ä–∏—Ö–æ–¥–∏—Ç—Å—è —Ä–∞–∑ –∑–∞ —Ä–∞–∑–æ–º –ø–µ—Ä–µ–∏–≥—Ä—ã–≤–∞—Ç—å –¥–æ–≤–æ–ª—å–Ω–æ —Å–ª–æ–∂–Ω—ã–µ —É—á–∞—Å—Ç–∫–∏ —É—Ä–æ–≤–Ω—è) –∏ –∑–∞–ø—É—Ç–∞–Ω–Ω—ã–º –º–∞—Ä—à—Ä—É—Ç–æ–º - —Å—Ç–µ–Ω —É —ç—Ç–æ–≥–æ –ª–∞–±–∏—Ä–∏–Ω—Ç–∞-–ø–ª–∞—Ç—Ñ–æ—Ä–º–µ—Ä–∞ –≤—Å–µ –µ—â–µ –Ω–µ—Ç, –∞ –≤–æ—Ç –æ–≥–Ω–∏-–ø–æ–¥—Å–∫–∞–∑–∫–∏ –ø—Ä–æ–ø–∞–ª–∏, –ø–æ—ç—Ç–æ–º—É –∏–≥—Ä–æ–∫ –º–æ–∂–µ—Ç –ª–µ–≥–∫–æ –ø–æ—Ç–µ—Ä—è—Ç—å—Å—è –≤ –Ω–∞–≥—Ä–æ–º–æ–∂–¥–µ–Ω–∏–∏ –æ–¥–∏–Ω–∞–∫–æ–≤–æ –≤—ã–≥–ª—è–¥—è—â–∏—Ö –æ—Å—Ç—Ä–æ–≤–æ–≤ –∏ —Å–ª—É—á–∞–π–Ω–æ –ø–æ–π—Ç–∏ –≤ –æ–±—Ä–∞—Ç–Ω—É—é —Å—Ç–æ—Ä–æ–Ω—É –ø–æ—Å–ª–µ –æ—á–µ—Ä–µ–¥–Ω–æ–≥–æ –≤–æ–∑—Ä–æ–∂–¥–µ–Ω–∏—è –Ω–∞ —á–µ–∫–ø–æ–∏–Ω—Ç–µ (—Å–æ –º–Ω–æ–π —Ç–∞–∫–æ–µ —Å–ª—É—á–∏–ª–æ—Å—å –¥–≤–∞–∂–¥—ã –≤ —Ä–∞–∑–Ω—ã—Ö –º–µ—Å—Ç–∞—Ö —É—Ä–æ–≤–Ω—è).–ò –≤–æ—Ç, –∫–æ–≥–¥–∞ –≤—ã –ø–æ–ª—á–∞—Å–∞ –ø—Ä–æ–º—É—á–∞–ª–∏—Å—å, –ø—Ä—ã–≥–∞—è –ø–æ –±—ã—Å—Ç—Ä–æ –¥–≤–∏–∂—É—â–∏–º—Å—è –∏ —Ä—É—à–∞—â–∏–º–∏—Å—è –ø–æ–¥ –Ω–æ–≥–∞–º–∏ –ø–ª–∞—Ç—Ñ–æ—Ä–º–∞–º, –∏–≥—Ä–∞ —Å–ø–µ—à–∏—Ç –ø–æ—Ä–∞–¥–æ–≤–∞—Ç—å –≤–∞—Å –ø—è—Ç—ã–º —É—Ä–æ–≤–Ω–µ–º: –æ–≥—Ä–æ–º–Ω—ã–º –≥–æ—Ä–æ–¥–æ–º —Å –Ω–µ–±–æ—Å–∫—Ä–µ–±–∞–º–∏, –≤ –∫–æ—Ç–æ—Ä–æ–º –Ω–µ–∏–∑–≤–µ—Å—Ç–Ω–æ, –∫—É–¥–∞ –Ω—É–∂–Ω–æ –∏–¥—Ç–∏ (–≤–∏–¥–∏–º–æ, –Ω–∞–≤–µ—Ä—Ö –ø–æ –∫—Ä—ã—à–∞–º), –∞ –≥–ª–∞–≤–Ω–æ–µ - –Ω–µ–ø–æ–Ω—è—Ç–Ω–æ, –∫–∞–∫–∏–º –ø—É—Ç–µ–º (–≤ —Ä–µ–∑—É–ª—å—Ç–∞—Ç–µ –≤—ã —Å–Ω–æ–≤–∞ –∏ —Å–Ω–æ–≤–∞ –±—É–¥–µ—Ç–µ –æ–∫–∞–∑—ã–≤–∞—Ç—å—Å—è –≤ —Å–∞–º–æ–º –Ω–∏–∑—É, —ç–∫—Å–ø–µ—Ä–∏–º–µ–Ω—Ç–∏—Ä—É—è, –¥–æ –∫–∞–∫–æ–π –∫—Ä—ã—à–∏ –º–æ–∂–Ω–æ –¥–æ–ø—Ä—ã–≥–Ω—É—Ç—å —Å –ø—Ä–µ–¥–ª–∞–≥–∞–µ–º–æ–π —Ç–æ—á–∫–∏, –∞ –¥–æ –∫–∞–∫–æ–π –Ω–µ—Ç). –£–º–µ—Ä–µ—Ç—å –Ω–µ–≤–æ–∑–º–æ–∂–Ω–æ, –Ω–æ —Ñ—Ä—É—Å—Ç—Ä–∏—Ä—É–µ—Ç –µ—â–µ —Å–∏–ª—å–Ω–µ–µ, —á–µ–º –ø—Ä–µ–¥—ã–¥—É—â–∏–µ —É—Ä–æ–≤–Ω–∏: –∫–∞–∫ –≤—ã—è—Å–Ω–∏–ª–æ—Å—å, –ø—Ä–æ–π—Ç–∏ —ç—Ç–æ—Ç –≤–µ—Ä—Ç–∏–∫–∞–ª—å–Ω—ã–π –ª–∞–±–∏—Ä–∏–Ω—Ç –≤–æ–∑–º–æ–∂–Ω–æ —Ç–æ–ª—å–∫–æ –ø–æ—Å–ª–µ —Ç–æ–≥–æ, –∫–∞–∫ –≤—ã —Ä–µ—à–∏—Ç–µ —Å–µ—Ä–∏—é —Å–æ–≤–µ—Ä—à–µ–Ω–Ω–æ –Ω–µ–æ—á–µ–≤–∏–¥–Ω—ã—Ö –∑–∞–¥–∞—á–µ–∫ —Å —Ç–µ–ª–µ—Ñ–æ–Ω–∞–º–∏, –Ω–∞ –∫–æ—Ç–æ—Ä—ã–µ, –æ–∫–∞–∑—ã–≤–∞–µ—Ç—Å—è, —É–∫–∞–∑—ã–≤–∞–µ—Ç –ª–µ—Ç–∞—é—â–∏–π –≤–≤–µ—Ä—Ö-–≤–Ω–∏–∑ –æ–≥–Ω–µ–Ω–Ω—ã–π —à–∞—Ä! (–æ —Ç–æ–º, —á—Ç–æ –Ω–∞ —É—Ä–æ–≤–Ω–µ –≤–æ–æ–±—â–µ –µ—Å—Ç—å –∑–∞–¥–∞—á–∫–∞, –¥–æ–≥–∞–¥–∞—Ç—å—Å—è –∫—Ä–∞–π–Ω–µ —Ç—Ä—É–¥–Ω–æ) –ü–æ—Å–ª–µ —ç—Ç–æ–≥–æ –∑–¥–∞–Ω–∏—è –≤—ã—Å—Ç—Ä–æ—è—Ç—Å—è –≤ –ø–æ—Ç–µ–Ω—Ü–∏–∞–ª—å–Ω–æ ""–ø—Ä–æ—Ö–æ–¥–∏–º—É—é"" –∫–æ–Ω—Å—Ç—Ä—É–∫—Ü–∏—é (–∏ —Ä–∞–∑—Ä–∞–±–æ—Ç—á–∏–∫ –¥–∞–∂–µ –¥–æ–≥–∞–¥–∞–ª—Å—è –¥–æ–±–∞–≤–∏—Ç—å –æ–≥–æ–Ω—å–∫–∏ –Ω–∞ –∫—Ä—ã—à–∏ –∑–¥–∞–Ω–∏–π, –∫—É–¥–∞ –≤—ã –¥–æ–ª–∂–Ω—ã –±—É–¥–µ—Ç–µ –∑–∞–ø—Ä—ã–≥–Ω—É—Ç—å), –≤–æ—Ç —Ç–æ–ª—å–∫–æ —Ä–∞—Å–ø–æ–ª–æ–∂–µ–Ω—ã –∫—Ä—ã—à–∏ —Ç–∞–∫ –¥–∞–ª–µ–∫–æ –¥—Ä—É–≥ –æ—Ç –¥—Ä—É–≥–∞, —á—Ç–æ, –ø–∞–¥–∞—è –≤–Ω–∏–∑ –≤ –¥–µ—Å—è—Ç—ã–π —Ä–∞–∑, –≤—ã –Ω–∞—á–Ω–µ—Ç–µ –Ω–µ–Ω–∞–≤–∏–¥–µ—Ç—å —ç—Ç—É –∏–≥—Ä—É - –≤–ø–µ—Ä–µ–¥–∏ –¥–æ–ª–≥–∏–π, –æ–¥–∏–Ω–Ω–∞–¥—Ü–∞—Ç—ã–π –ø–æ–¥—ä–µ–º –ø–æ –≤—Å–µ —Ç–µ–º –∂–µ –∑–¥–∞–Ω–∏—è–º!..–ù–∞ —ç—Ç–æ–º –º–æ–º–µ–Ω—Ç–µ —è —É–¥–∞–ª–∏–ª 'n Verlore Verstand –∏ –æ—Ç–ø—Ä–∞–≤–∏–ª—Å—è –¥–æ—Å–º–∞—Ç—Ä–∏–≤–∞—Ç—å –µ–µ –ø—Ä–æ—Ö–æ–∂–¥–µ–Ω–∏–µ –Ω–∞ YouTube, —Ç–µ–º —Å–∞–º—ã–º –∏–∑–±–∞–≤–∏–≤ —Å–µ–±—è –æ—Ç –Ω–µ–æ–±—Ö–æ–¥–∏–º–æ—Å—Ç–∏ —É–∫–ª–æ–Ω—è—Ç—å—Å—è –æ—Ç –ø–∞–¥–∞—é—â–∏—Ö —Å –Ω–µ–±–∞ –∫–æ–ª–æ–Ω–Ω, –±–ª—É–∂–¥–∞—Ç—å –ø–æ –≥—Ä–æ–º–æ–∑–¥–∫–æ–º—É –∑–∞–ø—É—Ç–∞–Ω–Ω–æ–º—É –ª–∞–±–∏—Ä–∏–Ω—Ç—É —Å –æ–¥–∏–Ω–∞–∫–æ–≤—ã–º–∏ —Å—Ç–µ–Ω–∞–º–∏ –¥–∞ –ø—Ä–æ–≤–∞–ª–∏–≤–∞—é—â–∏–º–∏—Å—è –ø–æ–ª–∞–º–∏ (–∏ —Ç–µ–º –∂–µ –≤–∏–∑—É–∞–ª—å–Ω—ã–º –æ—Ñ–æ—Ä–º–ª–µ–Ω–∏–µ–º, —á—Ç–æ –Ω–∞ –ø–µ—Ä–≤–æ–º —É—Ä–æ–≤–Ω–µ), —Ä–∞–∑ –∑–∞ —Ä–∞–∑–æ–º –ø–∞–¥–∞—Ç—å –≤ –ø—Ä–æ–ø–∞—Å—Ç—å, –Ω–µ –¥–æ–ø—Ä—ã–≥–∏–≤–∞—è –¥–æ –¥–∞–ª–µ–∫–æ–≥–æ –æ—Å—Ç—Ä–æ–≤–∫–∞ (–≤ —Ç–µ—Ö –∂–µ –¥–µ–∫–æ—Ä–∞—Ü–∏—è—Ö, —á—Ç–æ –Ω–∞ –≤—Ç–æ—Ä–æ–º —É—Ä–æ–≤–Ω–µ) –∏ –≥–∏–±–Ω—É—Ç—å –ø–æ–¥ –∫–æ–ª–µ—Å–∞–º–∏ –±–µ—Å–∫–æ–Ω–µ—á–Ω—ã—Ö –º–∞—à–∏–Ω (–µ—â–µ –±–æ–ª–µ–µ –Ω–∞–¥–æ–µ–¥–ª–∏–≤—ã—Ö, —á–µ–º –Ω–∞ —Ç—Ä–µ—Ç—å–µ–º —É—Ä–æ–≤–Ω–µ). –¢–∞–∫ —Ç–æ—á–Ω–æ, –≤—Ç–æ—Ä–∞—è –ø–æ–ª–æ–≤–∏–Ω–∞ –∏–≥—Ä—ã –ø—Ä–µ–¥—Å—Ç–∞–≤–ª—è–µ—Ç —Å–æ–±–æ–π —É—Å–ª–æ–∂–Ω–µ–Ω–Ω—ã–µ —Ä–µ–º–µ–π–∫–∏ –∫–∞—Ä—Ç –∏–∑ –ø–µ—Ä–≤–æ–π –ø–æ–ª–æ–≤–∏–Ω—ã: –µ—â–µ –¥–∞–ª—å—à–µ –∏–≥—Ä–æ–∫–∞ –∂–¥–µ—Ç —Å–æ–≤–µ—Ä—à–µ–Ω–Ω–æ –Ω–µ–≤—ã–Ω–æ—Å–∏–º—ã–π –ø–ª–∞—Ç—Ñ–æ—Ä–º–∏–Ω–≥ –≤ –¥–µ–∫–æ—Ä–∞—Ü–∏—è—Ö –ø—É—Å—Ç—ã–Ω–∏ –∏ –ø—Ä—ã–∂–∫–∏ –ø–æ —Ç–µ–ø–µ—Ä—å —É–∂–µ –ø–µ—Ä–µ–≤–µ—Ä–Ω—É—Ç—ã–º –≥–æ—Ä–∏–∑–æ–Ω—Ç–∞–ª—å–Ω–æ –∑–¥–∞–Ω–∏—è–º. –ê —Å–∞–º–æ–µ –≥–ª–∞–≤–Ω–æ–µ - –≤–∏—à–µ–Ω–∫–∞ –Ω–∞ —Ç–æ—Ä—Ç–µ! - –≤–º–µ—Å—Ç–æ –∫–æ–Ω—Ü–æ–≤–∫–∏ –∏–≥—Ä–æ–∫ —É–≤–∏–¥–∏—Ç –ª–∏—à—å –±–µ–ª—ã–π —ç–∫—Ä–∞–Ω: –≤ VV –Ω–µ—Ç —Å—é–∂–µ—Ç–∞, —ç—Ç–æ –ø—Ä–æ—Å—Ç–æ –Ω–∞–±–æ—Ä —É—Ä–æ–≤–Ω–µ–π, –Ω–µ —Å–≤—è–∑–∞–Ω–Ω—ã–π –∞–±—Å–æ–ª—é—Ç–Ω–æ –Ω–∏—á–µ–º.–í—ã–≤–æ–¥: 'n Verlore Verstand –ø—Ä–æ–∏–∑–≤–æ–¥–∏—Ç —Ö–æ—Ä–æ—à–µ–µ –≤–ø–µ—á–∞—Ç–ª–µ–Ω–∏–µ –≤–æ –≤–≤–µ–¥–µ–Ω–∏–∏ –∏ –Ω–∞ –ø–µ—Ä–≤—ã—Ö –¥–≤—É—Ö —É—Ä–æ–≤–Ω—è—Ö, –∑–∞—Å—Ç–∞–≤–ª—è–µ—Ç —Å–æ–º–Ω–µ–≤–∞—Ç—å—Å—è –≤ –Ω–µ–º –Ω–∞ —Ç—Ä–µ—Ç—å–µ–º, –∞ –ø–æ—Ç–æ–º –ø–æ–ª–Ω–æ—Å—Ç—å—é —Å–º–∏–Ω–∞–µ—Ç –µ–≥–æ –∏ –≤—ã–±—Ä–∞—Å—ã–≤–∞–µ—Ç –≤ –º—É—Å–æ—Ä–Ω—É—é –∫–æ—Ä–∑–∏–Ω—É –Ω–∞ —á–µ—Ç–≤–µ—Ä—Ç–æ–º –∏ –ø—è—Ç–æ–º, –ø—Ä–∏—á–µ–º –¥–∞–ª—å—à–µ –¥–µ–ª–æ —Å—Ç–∞–Ω–æ–≤–∏—Ç—Å—è —Ç–æ–ª—å–∫–æ —Ö—É–∂–µ. –ï—Å–ª–∏ –±—ã –≤ –∏–≥—Ä–µ —Ö–æ—Ç—è –±—ã –±—ã–ª —á–∏—Ç, –æ–±–µ—Å–ø–µ—á–∏–≤–∞—é—â–∏–π –∑–∞–º—É—á–∞–≤—à–µ–º—É—Å—è –∏–≥—Ä–æ–∫—É ""–ø–æ–ª–µ—Ç"" –ø–æ –∫–∞—Ä—Ç–µ, –∏–ª–∏ –µ—Å–ª–∏ –±—ã –≤ —Ä–∞–∑–¥–µ–ª–µ ""–ü—Ä–æ—Ö–æ–∂–¥–µ–Ω–∏—è"" –Ω–∞ Steam –±—ã–ª –±—ã –ø–æ–¥—Ä–æ–±–Ω—ã–π –≥–∞–π–¥ –æ—Ç —Ä–∞–∑—Ä–∞–±–æ—Ç—á–∏–∫–∞ (–ø–æ–∫–∞ —á—Ç–æ –Ω–µ—Ç –≤–æ–æ–±—â–µ –Ω–∏–∫–∞–∫–æ–≥–æ), —Ç–µ—Ä–ø–µ—Ç—å –µ–µ –±—ã–ª–æ –±—ã –∫—É–¥–∞ –ø—Ä–æ—â–µ. –¢–∞–∫ –∂–µ –≤—Å—è —Ä–∞–¥–æ—Å—Ç—å –æ—Ç –ø—Ä–∏—è—Ç–Ω–æ–≥–æ –≤–∏–∑—É–∞–ª—å–Ω–æ–≥–æ —Å—Ç–∏–ª—è —Å—Ö–æ–¥–∏—Ç –Ω–∞ –Ω–µ—Ç –∏–∑-–∑–∞ –Ω–µ–ø—Ä–æ–¥—É–º–∞–Ω–Ω–æ–≥–æ –≥–µ–π–º–ø–ª–µ—è: –∞–≤—Ç–æ—Ä —Å–¥–µ–ª–∞–ª –æ—Ç–ª–∏—á–Ω—É—é ""–∏–≥—Ä—É –¥–ª—è —Å–µ–±—è"", –Ω–æ –Ω–µ —É—á–µ–ª, —á—Ç–æ –¥—Ä—É–≥–∏–µ –∏–≥—Ä–æ–∫–∏ –Ω–µ –∑–Ω–∞—é—Ç –Ω–∏ —á—Ç–æ –Ω—É–∂–Ω–æ –¥–µ–ª–∞—Ç—å –Ω–∞ —É—Ä–æ–≤–Ω–µ, –Ω–∏ –∫–∞–∫–æ–π —Ç–∞–π–º–∏–Ω–≥ —É –ª–µ—Ç–∞—é—â–∏—Ö –ø–ª–∞—Ç—Ñ–æ—Ä–º, –Ω–∏ –ø–æ –∫–∞–∫–∏–º –∫—Ä—ã—à–∞–º –≤ –∫–∞–∫–æ–º –ø–æ—Ä—è–¥–∫–µ –Ω—É–∂–Ω–æ –ø—Ä—ã–≥–∞—Ç—å, –Ω–∏ –Ω–∞ –∫–∞–∫–æ–º –ø–æ–≤–æ—Ä–æ—Ç–µ –∑–∞–≤–µ—Ä–Ω—É—Ç—å, —á—Ç–æ–±—ã –≤—ã–π—Ç–∏ –∏–∑ —É—Ç–æ–º–∏—Ç–µ–ª—å–Ω–æ –¥–ª–∏–Ω–Ω–æ–≥–æ –ª–∞–±–∏—Ä–∏–Ω—Ç–∞ (—á–µ–≥–æ —Ç–∞–º, –∏–≥—Ä–∞ –¥–∞–∂–µ –Ω–µ —É–∫–∞–∑—ã–≤–∞–µ—Ç –∏–≥—Ä–æ–∫—É –Ω–∞ —Ç–æ, —á—Ç–æ –∑–¥–µ—Å—å –≤–æ–æ–±—â–µ –µ—Å—Ç—å ""—É—Å–∫–æ—Ä–µ–Ω–∏–µ –≤ –ø–æ–ª–µ—Ç–µ""!). –ï—Å–ª–∏ –≤—ã –∑–∞–∏–Ω—Ç–µ—Ä–µ—Å–æ–≤–∞–ª–∏—Å—å –¥–∞–Ω–Ω—ã–º –ø—Ä–æ–µ–∫—Ç–æ–º, –ø–µ—Ä–µ–¥ –ø–æ–∫—É–ø–∫–æ–π (–∑–∞ $9.99!? –¥–∞ –∑–∞ –Ω–µ–µ –¥–∞–∂–µ $1 –æ—Ç–¥–∞–≤–∞—Ç—å –∂–∞–ª–∫–æ!) –ø–æ—Å–º–æ—Ç—Ä–∏—Ç–µ –ø—Ä–æ—Ö–æ–∂–¥–µ–Ω–∏–µ –Ω–∞ YouTube - –∫–∞–∫ –∏ –≤ —Å–ª—É—á–∞–µ —Å Vapour –æ—Ç —Ç–æ–≥–æ –∂–µ —Ä–∞–∑—Ä–∞–±–æ—Ç—á–∏–∫–∞, –∏–≥—Ä–∞ –ø—Ä–æ—Å—Ç–æ –ª–æ–º–∏—Ç—Å—è –æ—Ç –æ—à–∏–±–æ–∫ –≤ –ø–ª–∞–Ω–µ –≥–µ–π–º–¥–∏–∑–∞–π–Ω–∞, —á—Ç–æ –ø—Ä–µ–≤—Ä–∞—â–∞–µ—Ç –µ–µ –≥–µ–π–º–ø–ª–µ–π –≤ –Ω–∞—Å—Ç–æ—è—â—É—é –ø—ã—Ç–∫—É —É–∂–µ –∫ –∫–æ–Ω—Ü—É –ø–µ—Ä–≤–æ–≥–æ —á–∞—Å–∞.";"2036";"0";"0";"0"
"1";"2";"1";"83,0";"2 septembre 2019";"I have been been playing since 8 and now I am 30. I have played hundreds of games with different genres. But I have never experienced any game which takes me deep within my thoughts and inner consciousness. The atmosphere, ambient music, puzzles. All are combination of perfect product. I played it on console and playing it again in PC. Thanks to Skobbejak.";"";"0";"0";"0"
"1";"13";"4";"2,4";"12 f√©vrier 2019";"Please just dont buy it";"";"0";"0";"0"
"0";"0";"0";"0,6";"11 f√©vrier 2019";"–ë—É–¥—É –∫—Ä–∞—Ç–æ–∫ - –±–µ—Å—è—â–∏–µ –ø—Ä—ã–∂–∫–∏ –ø–æ —É—Ä–æ–¥—Å–∫–∏–º –¥–≤–∏–∂—É—â–∏–º—Å—è –ø–ª–∞—Ç—Ñ–æ—Ä–º–∞–º.";"";"0";"1";"0"
"1";"0";"0";"0,3";"11 f√©vrier 2019";"I'm not sure if this game is broken, but I can often see through walls and doors. I like the game concept, this is my type of thing but not for everyone.";"247";"0";"0";"0"
"0";"0";"1";"0,1";"27 d√©cembre 2018";"Nunca supe como jugarlo, ni de que iba o que se tenia que hacer";"";"0";"0";"0"
"1";"0";"0";"1,7";"15 d√©cembre 2018";"good game";"879";"0";"0";"0"
"1";"0";"0";"3,7";"12 novembre 2018";"√áok zor ve sabƒ±r gerektiren bir oyun. ƒ∞nsanƒ± √ßileden √ßƒ±karƒ±yor. Ben sonuna kadar oynayamadƒ±m √ß√ºnk√º ger√ßekten yetti bana.";"927";"0";"0";"0"
"1";"0";"0";"0,9";"16 d√©cembre 2018";"–•–æ—Ä–æ—à–∞—è –∏–≥—Ä–∞, –¥–∞ –Ω–µ AAA, –Ω–æ –≥–µ–π–º–ª–µ–π –∏–Ω—Ç–µ—Ä–µ—Å–Ω—ã–π. –ù–µ—Ö–≤–∞—Ç–∞–µ—Ç –±–æ–ª—å—à–µ —á–µ–∫–ø–æ–∏–Ω—Ç–æ–≤, –¥–æ—Ä–∞–±–æ—Ç–∫–∏ –º–µ–Ω—é.–ë—Ä–æ–¥–∏–ª–∫–∞-–≥–æ–ª–æ–≤–æ–ª–æ–º–∫–∞, —Å –∞–∫—Ä–∞–±–∞—Ç–∏–∫–æ–π –∏ –Ω–µ–æ–±—Ö–æ–¥–∏–º–æ—Å—Ç—å—é —Å–∞–º–æ–º—É –¥–æ–∫–∞–ø—ã–≤–∞—Ç—å—Å—è –¥–æ —Ä–µ—à–µ–Ω–∏—è. –ò–Ω—Ç–µ—Ä–µ—Å–Ω—ã–µ –≥–µ–π–º–ø–ª–µ–π–Ω—ã–µ —Ä–µ—à–µ–Ω–∏—è –Ω–∞ –∫–∞–∂–¥–æ–º —É—Ä–æ–≤–Ω–µ —Ä–∞–¥—É—é—Ç.–ù–µ –ø—ã—Ç–∞–π—Ç–µ—Å—å –≤–æ –≤—Ä–µ–º—è –∏–≥—Ä—ã –ª–µ–∑—Ç—å –≤ –º–µ–Ω—é –æ–ø—Ü–∏–π —É–ø—Ä–∞–≤–ª–µ–Ω–∏—è, –º–æ–∂–µ—Ç –±–∞–≥–∞–Ω—É—Ç—å —É–ø—Ä–∞–≤–ª–µ–Ω–∏–µ –∏ –ø—Ä–∏–¥–µ—Ç—Å—è –ø–µ—Ä–µ–∑–∞–≥—Ä—É–∂–∞—Ç—å –∏–≥—Ä—É )).";"";"0";"0";"0"
"0";"4";"1";"1,5";"27 novembre 2018";"Complicado y un tanto mareante. No me ha gustado en las primeras horas de juego, quiz√°s lo vuelva a darle una oportunidad en otro momento pero ‚ô•‚ô•‚ô• una librer√≠a ‚ô•‚ô•‚ô• muchos juegos por probar, la primera impresi√≥n es la que cuenta.Nota: He jugado sin dispositivo de realidad virtual.";"14742";"0";"0";"0"
"0";"7";"20";"1,7";"16 novembre 2018";"In 'n Verlore Verstand you will be transported to a reality of dreams and nightmares. In realms of the unknown, you must travel through labyrinths of memories to eventually find your way to your own truth.Difficulty:super easy ,  its bad game ,i not recommended this game, just dont buy don't waste money and time.3/10";"1784";"0";"0";"0"
"1";"0";"0";"11,2";"10 novembre 2018";"–¢–∞–∫–∞—è —Ö–æ—Ä–æ—à–∞—è –∏–≥—Ä–∞ 'n Verlone Verstand. –ü–∞—Ä–∫—É—Ä –Ω–µ–æ–±—ã—á–Ω—ã–π, –≥—Ä–∞—Ñ–∏–∫–∞ –∫—Ä–∞—Å–∏–≤–∞—è —Å –ø—Ä–æ—Ä–∏—Å–æ–≤–∫–æ–π, —É–ø—Ä–∞–≤–ª–µ–Ω–∏–µ –Ω–µ—Å–ª–æ–∂–Ω–æ–µ, –º—É–∑—ã–∫–∞ —Ä–∞—Å—Å–ª–∞–±–ª—è—é—â–∞—è, —É—Ä–æ–≤–Ω–∏ –∫–ª—ë–≤—ã–µ, —Å–∫–∏–¥–∫–∞ –¥–µ—à—ë–≤–∞—è, –≤ –æ–±—â–µ–º, —è —Ä–µ–∫–æ–º–µ–Ω–¥—É—é —ç—Ç—É –∏–≥—Ä—É –≤—Å–µ–º –ø—Ä–∏–æ–±—Ä–µ—Ç–∞—Ç–µ–ª—è–º –∏–≥—Ä –∫–æ–º–ø–∞–Ω–∏–∏ ""Skobbejak Games"".";"308";"0";"0";"0"
"0";"3";"2";"0,9";"7 novembre 2018";"Die spelejtie gaan nerens nie.This game is not a game, and as such, it's not about a lost mind, it just does not go anywhere at all.";"795";"0";"0";"0"
"1";"0";"1";"0,2";"31 octobre 2018";"–ê–∞–∞–∞... –°—Ç—Ä–∞—à–Ω–∞ –≤—ã—Ä—É–±–∞–π!";"46";"0";"0";"0"
"0";"4";"0";"6,0";"5 novembre 2018";"–ü—Ä–æ—Å—Ç–æ —Ç—Ä–µ—à, –∫—É—Å–æ–∫ –±–µ—Å—Å–≤—è–∑–Ω–æ–≥–æ —Ç—Ä–µ—à–∞, –ø–æ–Ω—è—Ç–Ω–æ–≥–æ —Ç–æ–ª—å–∫–æ —Ä–∞–∑—Ä–∞–±–æ—Ç—á–∏–∫–∞–º. –ù–∏–∫–∞–∫–æ–≥–æ —Å—é–∂–µ—Ç–∞. HTC Vive –Ω–µ —É–¥–∞–ª–æ—Å—å –∑–∞–¥–µ–π—Å—Ç–≤–æ–≤–∞—Ç—å, –ø–æ–ª—É—á–∏–ª–æ—Å—å –∑–∞–ø—É—Å—Ç–∏—Ç—å VR + –∫–ª–∞–≤–∏–∞—Ç—É—Ä–∞ –∏ –º—ã—à—å... —á—Ç–æ –≤ —à–ª–µ–º–µ –∫–∞–∫ –±—ã –Ω–µ –æ—á–µ–Ω—å —É–¥–æ–±–Ω–æ (—Å–æ–≤—Å–µ–º –Ω–∏–∫–∞–∫). –ë–µ–∑ —à–ª–µ–º–∞ —Ä–∞–±–æ—Ç–∞–µ—Ç, –Ω–æ —Ç–µ–∫—Å—Ç—É—Ä—ã —Ç–æ –∏ –¥–µ–ª–æ –ø—Ä–æ–ø–∞–¥–∞—é—Ç. –î–µ–Ω–µ–≥ —Å–≤–æ–∏—Ö –Ω–µ —Å—Ç–æ–∏—Ç, –∫—Ä–∞–π–Ω—è—è —Ü–µ–Ω–∞ –∑–∞ —ç—Ç–æ—Ç —Ç—Ä–µ—à - —Ä—É–±–ª–µ–π 50. –ù–µ –ø—Ä–æ—à–µ–ª, –ø–æ—Ç–æ–º—É —á—Ç–æ –Ω–µ –≥–æ—Ç–æ–≤ –¥–∞–ª—å—à–µ –ø—ã—Ç–∞—Ç—å—Å—è –ø–æ–Ω—è—Ç—å —Å—É—Ç—å –∏–≥—Ä—ã, –ø–æ—Å–ª–µ 4+ —á–∞—Å–æ–≤ –∏–≥—Ä—ã, –∫–æ—Ç–æ—Ä—ã–µ —Ç–∞–∫ –∏ –Ω–µ –¥–∞–ª–∏ –Ω–∏ –º–∞–ª–µ–π—à–µ–≥–æ –ø–æ–Ω–∏–º–∞–Ω–∏—è –ø—Ä–æ–∏—Å—Ö–æ—è—â–µ–≥–æ –≤–æ–∫—Ä—É–≥. –°–ø–ª–æ—à–Ω—ã–µ –ª–∞–±–∏—Ä–∏–Ω—Ç—ã –∏–∑ –∫–æ—Ä–∏–¥–æ—Ä–æ–≤ –∏ –∑–∞–¥–∞—á–∏ –≤—Ä–æ–¥–µ ""–∑–∞—Ç—É—à–∏ –≤—Å–µ –ª–∞–º–ø—ã –∏ –∑–∞–∂–≥–∏ –∏–∑ —Ç—Ä–µ—Ö —Å–≤–µ—Ç–∏–ª—å–Ω–∏–∫–æ–≤ —Ç–æ—Ç, —á—Ç–æ –≤ —Ü–µ–Ω—Ç—Ä–µ, —á—Ç–æ–±—ã –æ—Ç–∫—Ä—ã—Ç—å –¥–≤–µ—Ä—å —Å –ª–∞–±–∏—Ä–∏–Ω—Ç–∞–º–∏. –ü—Ä–æ—Å—Ç–æ —Ç—Ä–µ—à, –¥–∞–≤–Ω–æ —Ç–∞–∫–æ–≥–æ –Ω–µ –≤—Å—Ç—Ä–µ—á–∞–ª.";"267";"0";"0";"0"
"0";"8";"0";"5,2";"20 octobre 2018";"–ù–µ–∏–≥—Ä–∞–±–µ–ª—å–Ω–æ–µ –≥–æ–≤–Ω–∏—âe.–ö —Å–æ–∂–∞–ª–µ–Ω–∏—é, —ç—Ç–æ —Ç–∞–∫.–í—Å—è –∏–≥—Ä–∞ –ø—Ä–µ–¥—Å—Ç–∞–≤–ª—è–µ—Ç –∏–∑ —Å–µ–±—è 5 —É—Ä–æ–≤–Ω–µ–π, –∫–æ—Ç–æ—Ä—ã–µ –∑–∞—Ü–∏–∫–ª–µ–Ω—ã 3 —Ä–∞–∑–∞. –í –∫–∞–∂–¥–æ–º –Ω—É–∂–Ω–æ –¥–æ–±—Ä–∞—Ç—å—Å—è –¥–æ –¥–µ—Ä–µ–≤–∞: –ø—Ä–æ—Å—Ç–æ –¥–æ–π—Ç–∏, –≤—ã–±—Ä–∞—Ç—å—Å—è –∏–∑ –ª–∞–±–∏—Ä–∏–Ω—Ç–∞, —Å–∫–∞–∫–∞—Ç—å –ø–æ –ø–ª–∞—Ç—Ñ–æ—Ä–º–∞–º (—Ö3 - –ø—Ä–æ—Å—Ç–æ –≤ —Ä–∞–∑–Ω—ã—Ö –¥–µ–∫–æ—Ä–∞—Ü–∏—è—Ö).–ö–∞–∂–¥—ã–π —Ü–∏–∫–ª —É—Ä–æ–≤–Ω–∏ —É—Å–ª–æ–∂–Ω—è—é—Ç—Å—è. –ò–Ω—Ç–µ—Ä–µ—Å–Ω–æ –ª–∏ —ç—Ç–æ? –ù–µ—Ç. –≠—Ç–æ –±–µ–∑—É–º–Ω–æ —Å–∫—É—á–Ω–æ –∏ —Ä–∞–∑–¥—Ä–∞–∂–∞–µ—Ç.–ú–æ–∂–µ—Ç, –º—É–∑—ã–∫–∞? –ú—É–∑—ã–∫–∞ –Ω–∞—á–∏–Ω–∞–µ—Ç —Å–≤–æ–¥–∏—Ç—å —Å —É–º–∞ –ø–æ–¥ –∫–æ–Ω–µ—Ü, –Ω–∞ –Ω–µ–∫–æ—Ç–æ—Ä—ã—Ö —É—Ä–æ–≤–Ω—è—Ö —ç—Ç–æ –¥–∞–∂–µ –Ω–µ –∫–æ–º–ø–æ–∑–∏—Ü–∏—è, –ø—Ä–æ—Å—Ç–æ –∫—Ç–æ-—Ç–æ –æ–±–≥–∞—à–µ–Ω–Ω—ã–π –¥–∞–≤–∏—Ç –Ω–∞ –æ–¥–Ω—É –∫–ª–∞–≤–∏—à—É —Å–∏–Ω—Ç–µ–∑–∞—Ç–æ—Ä–∞ —Å —Ä–∞–∑–Ω–æ–π –ø–µ—Ä–∏–æ–¥–∏—á–Ω–æ—Å—Ç—å—é.–í –∫–∞–∫–æ–π-—Ç–æ –º–æ–º–µ–Ω—Ç –Ω–∞—á–∏–Ω–∞—é—Ç—Å—è –¥–∏–∫–∏–µ –ª–∞–≥–∏ —Å –≥—Ä–∞—Ñ–∏–∫–æ–π, –∏ —Ç—ã —á—Ç–æ-—Ç–æ –ø–æ–¥–æ–∑—Ä–µ–≤–∞–µ—à—å.–ê –Ω–∞ 12 —É—Ä–æ–≤–Ω–µ –±–∞–≥ —Å –≥—Ä–∞—Ñ–∏–∫–æ–π —Å—Ç–∞–Ω–æ–≤–∏—Ç—Å—è —Ñ–∞—Ç–∞–ª—å–Ω—ã–º: —Ç—ã –ø—Ä–æ—Å—Ç–æ –Ω–µ –≤–∏–¥–∏—à—å –ø–ª–∞—Ç—Ñ–æ—Ä–º—ã, –Ω–∞ –∫–æ—Ç–æ—Ä—ã–µ –Ω–∞–¥–æ –ø—Ä—ã–≥–∞—Ç—å (–∞ –ø—Ä—ã–∂–∫–∏ —Ç–∞–º –±–µ—à–µ–Ω—ã–µ, –Ω–∞ –±–æ–ª—å—à–∏–µ —Ä–∞—Å—Å—Ç–æ—è–Ω–∏—è, –ø–ª–∞—Ç—Ñ–æ—Ä–º—ã —à–∏—Ä–æ–∫–æ —Ä–∞–∑–±—Ä–æ—Å–∞–Ω—ã –≤ –ø—Ä–æ—Å—Ç—Ä–∞–Ω—Å—Ç–≤–µ). –†–∞–∑—Ä–∞–±–æ—Ç—á–∏–∫ –æ–±–µ—â–∞–ª –ø–æ—á–∏–Ω–∏—Ç—å –∏–≥—Ä—É –µ—â–µ –≤ –∏—é–ª–µ. –í–æ–∑ –∏ –Ω—ã–Ω–µ —Ç–∞–º. –ù—É–∂–Ω–∞ –ª–∏ –í–∞–º —Ç–∞–∫–∞—è –∏–≥—Ä–∞ - —Å–∫—É—á–Ω—ã–π, –±–µ–∑—ã–¥–µ–π–Ω—ã–π, —Ä–∞–∑–¥—Ä–∞–∂–∞—é—â–∏–π –ø–ª–∞—Ç—Ñ–æ—Ä–º–µ—Ä —Å –¥—É—Ä–∞—Ü–∫–æ–π –º—É–∑—ã–∫–æ–π –∏ —Ñ–∞—Ç–∞–ª—å–Ω—ã–º –±–∞–≥–æ–º, - —Ä–µ—à–∞–π—Ç–µ —Å–∞–º–∏.3/10.";"1545";"0";"0";"0"
"0";"0";"0";"6,1";"16 octobre 2018";"'n Verlore Verstand est un jeu correct. il s'agit d'un jeu de plateforme et d'exploration, selon les niveaux, le tout en vu fps, graphiquement tres sympa, avec pas mal de niveaux. mais on retrouve de nombreux probl√®mes qui viennent gacher l'ensemble. les niveaux couloirs qui se ressemblent tous dans un labyrinthe, atroce. les plateformes sont toutes les memes et √ßa devient tres r√©p√©titif. il n'y a aucune coherence entre les niveaux, aucune narration. et surtout, les bugs graphiques qui viennent entacher le jeu. je n'ai d'ailleurs pas pu le finir, au niveau 12, un bug graphique ne fait pas apparaitre les plates-formes. un peu genant de sauter totalement au hasard (et apparement, sur internet, je ne suis pas le seul, les dev ignorant l'appel au secours). bref, d√©√ßu et frustrant.";"1032";"0";"0";"0"
"0";"0";"0";"0,9";"19 octobre 2018";"pee in mah butt the first level sucks,i haven't played the rest cause i can't get past the first one.Play in VR or else your autistic";"";"0";"0";"0"
"0";"0";"0";"5,3";"23 septembre 2018";"ÂñúÂä†‰∏Ä";"618";"0";"0";"1"
"0";"4";"0";"0,3";"2 novembre 2018";"Did not enjoy one bit. I was hoping for puzzles, and instead got mazes with utterly incomprehensible objectives and graphics that gave me a headache. Platforming parts were ruined by weird jump physics that made it very difficult to gauge how far I could or could not jump. Thoroughly disappointed.";"";"0";"1";"0"
"0";"3";"0";"9,3";"5 octobre 2018";"Halfway through the game there is a huge bug that makes the game unplayable, the objects you are supposed to be platforming on lose their textures. So, unless you enjoy platforming on invisible objects do not buy this game at this time.";"312";"0";"0";"0"
"0";"3";"4";"0,7";"4 octobre 2018";"Po pierwszeTa gra strasznie ryje baniePo drugieJa nwm kto tƒô grƒô t≈Çumaczy≈Ç, ale nawet Google t≈Çumacz by to zrobi≈Ç lepiej. Nie ma takiego s≈Çowa jak kontynu≈Çuj...";"77";"0";"0";"1"
"0";"0";"0";"1,3";"29 aout 2018";"Á∂∫È∫ó„Å™„Ç≤„Éº„É†„Å™„ÅÆ„Å´„ÄÅ„Éó„É¨„Ç§„ÅåÈù¢ÂÄí„Åè„Åï„ÅÑ„ÄÇ‰ΩïÂõû„ÇÇ„É™„Çπ„Çø„Éº„Éà„ÅåÈù¢ÂÄí„Å†„ÄÇÊï£Ê≠©„Ç∑„É†„Å†„Å£„Åü„Çâ„ÄÅËâØ„Åã„Å£„Åü„Åã„ÇÇ„Åó„Çå„Å™„ÅÑ„ÄÇ„Ç∞„É©„Éï„Ç£„ÉÉ„ÇØ„ÅåÁ∂∫È∫ó„Å†„Åã„Çâ„ÄÇ";"";"0";"0";"0"
"0";"4";"2";"2,2";"20 juillet 2018";"the 2 hours are from card farming, its a garbage game";"3953";"0";"0";"0"
"1";"0";"0";"2,6";"26 juin 2018";"–ò–≥—Ä–∞ —Å–ø–µ—Ü–∏—Ñ–∏—á–µ—Å–∫–∞—è –∫–æ–Ω–µ—á–Ω–æ )";"2754";"0";"0";"0"
"1";"4";"0";"17,4";"18 mars 2018";"Sehr sch√∂n desingtes Spiel mit verschiednen R√§tseln. Eine sehr sch√∂ne Hintergrundmusik, die nicht aufdringlich ist.Leider funktionieren hin und wieder die Tastenkombinationen nicht.";"";"0";"0";"0"
"0";"2";"0";"0,3";"5 mars 2018";"I didnt like this its just maze after maze I play games for enjoyment and it gets rid of a couple of hours I dont play games to get bored while playing that game.";"";"0";"0";"0"
"0";"2";"0";"17,8";"26 aout 2018";"Please fix Level 12 as it is totally bugged. It's not possible to finish the Level.It's a funny game with great puzzles and i'd love to finish it. I know that the publisher is aware of this problem for several month's right now... there're a bunch of players with the same problem...I'll recommend the game when the problem is fixed, but for now: DON'T BUY IT'S UNPLAYABLE";"297";"0";"0";"0"
"0";"0";"0";"38,2";"8 aout 2018";"sconsiglio,ci sono problemi di grafica..quando si salta sulle piattaforme a volte capita che si sprofonda nella texture e si cada..gi√† il gioco √® difficile di per s√®,se poi si aggiungono questi problemi √® ingiocabile.manca la possibilit√† di salvare manualmente";"283";"0";"0";"0"
"1";"0";"0";"11,0";"3 juillet 2018";"En promo je le recommande quand m√™me :D Ok c'est un peu toujours la m√™me chose comme j'ai vu dans d'autres commentaires, mais √ßa demande pas mal d'adresse. Si vous aimez vous prendre la t√™te √† sauter de plaque en plaque, d'immeuble en immeuble, de courir dans le noir en √©vitant des bus et quand m√™me de trouver le temps de ramasser des fleurs, ce jeu est fait pour vous :D Le but ? Courir apr√®s un arbre. Toujours le m√™me. Mais chaque niveau il se casse ce *tuuuut* et faut de nouveau aller le chercher. Les graphismes sont pas extraordinaires m'enfin √ßa passe encore. Ils auraient pu respecter un peu plus les lois de la physique quand m√™me. Surtout quand elles changent d'un niveau √† l'autre. C'est perturbant de pouvoir faire des sauts de 46km de haut dans un lvl et celui d'apr√®s de limite quitter le sol.";"";"0";"0";"0"
"0";"3";"0";"2,5";"24 juin 2018";"„Ç∏„É£„É≥„É´„ÅØ„Ç¢„Éâ„Éô„É≥„ÉÅ„É£„Éº„Ç≤„Éº„É†„Å®„ÅÇ„Çä„Åæ„Åô„Åå„ÄÅÂÆüÈöõ„Å´„ÅØ„Çπ„ÉÜ„Éº„Ç∏„ÇØ„É™„Ç¢Âûã„ÅÆ„Ç¢„ÇØ„Ç∑„Éß„É≥„Ç≤„Éº„É†„Åß„ÅôÊúÄÂàù„ÅÆÊñπ„ÅØ„Ç¶„Ç©„Éº„Ç≠„É≥„Ç∞„Ç∑„Éü„É•„É¨„Éº„Çø„ÉºÁöÑ„Å™„Ç≤„Éº„É†„Åß„ÅÆ„Çì„Å≥„Çä„Å®Ê≠©„Åç„Å™„Åå„ÇâÈÅì„ÇíÊé¢„Åõ„Çã„Çì„Åß„Åô„Åå„ÄÅ‰∏≠Áõ§„Åã„Çâ„ÅØÊïµ„Å®„ÅÑ„ÅÜ„ÅãÁΩ†„Å®„ÅÑ„ÅÜ„Åã„ÄÅ„Å®„Å´„Åã„ÅèÂç≥Ê≠ªË¶ÅÁ¥†„ÅåÂ¢ó„Åà„Å¶„Åç„Åæ„Åô„ÄÇ„Åù„Åó„Å¶„Éû„ÉÉ„Éó„ÇÇËâ≤„Çì„Å™‰∏ñÁïå„ÇíÊ≠©„ÅçÂõû„Çã„Çà„ÅÜ„Åß„ÅÑ„Å¶„ÄÅ‰∏≠Áõ§„Åã„Çâ„ÅØ„ÅÑ„Åæ„Åæ„Åß„ÅÆ„Éû„ÉÉ„Éó„ÅÆÈ´òÈõ£ÊòìÂ∫¶Áâà„Åø„Åü„ÅÑ„Å™„ÅÆ„Çí„ÇÑ„Çâ„Åï„Çå„Åæ„ÅôÊ≠£Áõ¥Ê±Ç„ÇÅ„Å¶„ÅÑ„Åü„ÇÇ„ÅÆ„Å®„ÅØÈÅï„Å£„Åü„ÅÆ„Å®„ÄÅÂæÆÂ¶ô„Å´È´òÈõ£ÊòìÂ∫¶„Å™„ÅÆ„Å´ËÄê„Åà„Çâ„Çå„Å™„Åè„Å¶10„Çπ„ÉÜ„Éº„Ç∏„ÇÇ„ÅÑ„Åã„Åö„Å´„ÇÆ„Éñ„Ç¢„ÉÉ„Éó„ÄÇ„Çπ„ÉÜ„Éº„Ç∏ÈÅ∏Êäû„ÇíË¶ã„Çã„Å´„ÄÅÂÖ®‰Ωì„ÅÆÂçäÂàÜ„ÇÇË°å„Å£„Å¶„Å™„ÅÑ„ÅÆ„ÅßÂæåÂçä„ÅØÊõ¥„Å´Èõ£ÊòìÂ∫¶„Åå‰∏ä„Åå„Çã„ÅÆ„Åß„ÅØ„Å™„ÅÑ„Åß„Åó„Çá„ÅÜ„Åã„ÄÇ„Ç¢„ÇØ„Ç∑„Éß„É≥„Ç≤„Éº„É†„Å®„Åó„Å¶„ÅØ„Åä„Åô„Åô„ÇÅ„Åó„Å¶„ÇÇ„ÅÑ„ÅÑ„Åß„Åô„Åå„ÄÅ„Çø„Ç∞„Å´„Å™„Å£„Å¶„ÅÑ„Çã„Ç∏„É£„É≥„É´„Åß„ÅÇ„Çã„Ç¢„Éâ„Éô„É≥„ÉÅ„É£„Éº„Ç≤„Éº„É†„Å®„Åó„Å¶„ÅØ„ÅÇ„Åæ„Çä„Åä„Åô„Åô„ÇÅ„Åó„Åü„Åè„Å™„ÅÑ„Åß„Åô„ÄÇ„Å°„Å™„Åø„Å´„ÄÅ‰∏≠Áõ§„Åæ„Åß„Åó„Åã„ÇÑ„Å£„Å¶„Åæ„Åõ„Çì„Åå„ÄÅÊ≠ª„Å¨„ÅØ„Åö„ÅÆÂ†¥ÊâÄ„ÅßÊ≠ª„Å™„Åö„Å´„Éï„É™„Éº„Ç∫„Åó„Å¶„Åó„Åæ„ÅÜ„Çπ„ÉÜ„Éº„Ç∏„Å®„ÄÅ„ÉÜ„ÇØ„Çπ„ÉÅ„É£„Åå„Éê„Ç∞„Çä„Åæ„Åè„Å£„Å¶Â£Å„ÇÑÂ∫ä„ÅåÈÄèÊòé„Å´„Å™„Å£„Å¶„Åó„Åæ„ÅÜ„Çπ„ÉÜ„Éº„Ç∏„Åå„ÅÇ„Çä„Åæ„Åó„Åü„ÄÇ";"685";"0";"0";"0"
"0";"3";"0";"0,6";"9 mars 2018";"–î—É–º–∞–ª —á—Ç–æ –∏–≥—Ä–∞ –±—É–¥–µ—Ç –∏–Ω—Ç–µ—Ä–µ—Å–Ω–æ–π, –Ω–æ —ç—Ç–æ –Ω–µ —Ç–∞–∫, –∏–≥—Ä–∞ –æ–∫–∞–∑–∞–ª–∞—Å—å –ø–æ–ª–Ω–æ—Å—Ç—å—é –Ω–∏ –æ —á–µ–º, –Ω–∏–∫–∞–∫–∏—Ö —Ç–µ–±–µ –ø—Ä–µ–¥–∏—Å–ª–æ–≤–∏–π, –Ω–∏ —Ç–µ–±–µ –æ–±—ä—è—Å–Ω–µ–Ω–∏–π –æ —Ç–æ–º, —á—Ç–æ —ç—Ç–æ, –≥–¥–µ —Ç—ã, –∫—É–¥–∞ –ø—Ä–∏—à–µ–ª, —Ö–æ—Ç—è –≤ Witness —Ç–∞–∫ –∂–µ, –Ω–æ —Ç–∞–º –Ω–µ –∑–∞—Å—Ç–∞–≤–ª—è–ª–∏ –ø—Ä—ã–≥–∞—Ç—å –ø–æ –∫–∞–∫–∏–º-—Ç–æ –∫–∞–º–µ–Ω–Ω—ã–º –≥–ª—ã–±–∞–º, —É–≤–æ—Ä–∞—á–∏–≤–∞—Ç—å—Å—è –æ—Ç –∞–≤—Ç–æ–º–æ–±–∏–ª–µ–π –∏ –∏–¥—Ç–∏ –Ω–µ–ø–æ–Ω—è—Ç–Ω–æ –∫—É–¥–∞, —Ç–∞–º –µ—Å—Ç—å –≥–æ–ª–æ–≤–æ–ª–æ–º–∫–∏, —Ç—É—Ç –Ω–∏—á–µ–≥–æ —ç—Ç–æ–≥–æ –Ω–µ—Ç, –Ω–µ —Å—Ç–æ–∏—Ç —Ç—Ä–∞—Ç–∏—Ç—å –¥–µ–Ω—å–≥–∏ –Ω–∞ —ç—Ç—É –∏–≥—Ä—É, –Ω–µ —Å—Ç–æ–∏—Ç";"3994";"0";"0";"0"
"1";"0";"0";"1,6";"27 f√©vrier 2018";"good";"487";"0";"0";"0"
"0";"3";"1";"0,5";"3 janvier 2018";"Crashes if you put it in fullscreen. You can walk through solid objects. It's wierd and there aren't really any puzzles, just a series of stations you need to touch. Weak.";"";"0";"0";"0"
"0";"0";"0";"1,7";"28 aout 2017";"tot level drie werkt het goed maar daarna is het erg glitchy en onduidelijk.";"";"0";"0";"0"
"0";"0";"0";"6,9";"15 juin 2017";"R√©p√©titif et usant.";"";"0";"0";"0"
"1";"2";"0";"23,8";"27 avril 2017";"i thinks this is a nice game but..it is so hard xD";"60";"0";"0";"0"
"0";"2";"0";"0,5";"17 f√©vrier 2018";"„Éá„É¢ÁîªÈù¢„ÅßÈù¢ÁôΩ„Åù„ÅÜ„Å™„ÅÆ„Åß„ÄÅVRÁõÆÁöÑ„ÅßË≥ºÂÖ•„Åó„Åü„Åë„Å©Êìç‰Ωú„Åå„ÇØ„ÇΩ„Å†„Å£„Åü„ÄÇVR„É¢„Éº„Éâ„Å†„Å®ÊñπÂêëËª¢Êèõ„ÅåÂá∫Êù•„Çã„Ç≠„Éº„ÅåÁÑ°„ÅèHMD„ÅßÂêë„ÅÑ„Å¶„ÇãÊñπÂêë„ÅåÊ≠£Èù¢Êâ±„ÅÑ„Åß„ÄÅÊñπÂêëÊÑüË¶ö„Åå„Åä„Åã„Åó„Åè„Å™„Çã„ÄÇÁÑ°Á∑ö„Ç≤„Éº„É†„Éë„ÉÉ„Éà„ÅßÈÅä„Çì„Åß„ÅÑ„Çã„Å®Âæå„Çç„ÇíÊåØ„ÇäÂêë„Åè‰∫ã„ÅåÂ§ö„ÄÖ„ÅÇ„Çã„ÅÆ„Åß„Éë„ÉÉ„Éà„ÅÆ„Éà„É©„ÉÉ„Ç≠„É≥„Ç∞„Åå‰ΩïÂ∫¶„ÇÇÂàá„Çå„Å¶„Ç§„É©„Ç§„É©„Åô„Çã„ÅÆ„ÅßÊúÄÂàù„ÅÆ1ÂàÜ„ÅßÊ≠¢„ÇÅ„Åæ„Åó„Åü„ÄÇÔºíD„ÅßÊôÆÈÄö„Å´„Éû„Ç¶„Çπ„ÅßÈÅä„Åº„ÅÜ„Å®ÊÄù„ÅÑÁ´ã„Å°‰∏ä„Åí„Çã„Å®VR„É¢„Éº„Éâ„ÅåÂãùÊâã„Å´Á´ã„Å°‰∏ä„Åå„Çã„ÅÆ„ÅßË®≠ÂÆö„Åô„Çã„ÅÆ„ÇÇÈù¢ÂÄí„Å™„ÅÆ„Åß„Ç≤„Éº„É†Ëá™‰Ωì„ÇÑ„Çã„ÅÆ„Çí„ÇÑ„ÇÅ„Åæ„Åó„Åü„ÄÇÊîπÂñÑ„Åï„Çå„Çå„Å∞„ÇÑ„Å£„Å¶„Åø„Åü„ÅÑÊ∞ó„ÇÇ„Åô„Çã„Åë„Å©„ÄÅÈùûÂ∏∏„Å´ÊÆãÂøµ„Å™„Ç≤„Éº„É†„Åß„Åô„ÄÇ";"2342";"0";"0";"0"
"1";"14";"3";"10,2";"6 janvier 2018";"–≠—Ç–∞ –∏–≥—Ä–∞ –≤–Ω–æ–≤—å –∑–∞–∂–≥–ª–∞ –º–æ—ë —Å–µ—Ä–¥—Ü–µ, –≤–∏–¥–µ–æ–∫–∞—Ä—Ç—É –∏ –∑–∞–¥...–í—Å—ë –ø—Ä–æ–ª–µ—Ç–∞–µ—Ç –±—ã—Å—Ç—Ä–æ –∏ –æ—Ç–Ω–æ—Å–∏—Ç–µ–ª—å–Ω–æ —Ä–µ–ª–∞–∫—Å–∏—Ä—É—é—â–µ –ø–æ–¥ –∑–∞–º–µ—á–∞—Ç–µ–ª—å–Ω–æ–µ –º—É–∑—ã–∫–∞–ª—å–Ω–æ–µ —Å–æ–ø—Ä–æ–≤–æ–∂–¥–µ–Ω–∏–µ, —á–µ–º –∏–≥—Ä—ã –∂–∞–Ω—Ä–∞ –ø—Ä–æ–π—Ç–∏—Å—å-–æ—Å–º–æ—Ç—Ä–µ—Ç—å—Å—è –æ–±—ã—á–Ω–æ –Ω–µ –æ—Å–æ–±–æ –≤—ã–¥–µ–ª—è—é—Ç—Å—è. –°–∫—Ä–æ–º–Ω—ã–π, –Ω–æ –º–µ—Å—Ç–∞–º–∏ —Ü–µ–ø–ª—è—é—â–∏–π –¥–∏–∑–∞–π–Ω —É—Ä–æ–≤–Ω–µ–π. –ö–∞–∫–æ–π-–Ω–∏–∫–∞–∫–æ–π –∫–æ–Ω—Ç–µ–∫—Å—Ç –∏ –ø–æ–≤–µ—Å—Ç–≤–æ–≤–∞–Ω–∏–µ.–û—Ç–Ω–æ—Å–∏—Ç–µ–ª—å–Ω–æ—Å—Ç—å –Ω–∞—á–∏–Ω–∞–µ—Ç —Ç—Ä–µ–≤–æ–∂–∏—Ç—å –≤ –æ—Ç–¥–µ–ª—å–Ω—ã—Ö –º–æ–º–µ–Ω—Ç–∞—Ö –∏ –æ—Å–æ–±–µ–Ω–Ω–æ - –ø–æ—Å–ª–µ —Å–µ—Ä–µ–¥–∏–Ω—ã –∏–≥—Ä—ã, —Å–ª–æ–≤–Ω–æ —Ä–∞–∑—Ä–∞–±–æ—Ç—á–∏–∫—É –±—ã–ª–æ –Ω–µ–¥–æ—Å—Ç–∞—Ç–æ—á–Ω–æ –¥–æ–±–∞–≤–∏—Ç—å –Ω–µ–Ω—É–∂–Ω—ã—Ö –ø–ª–∞—Ç—Ñ–æ—Ä–º. –í–¥–æ–±–∞–≤–æ–∫ –æ–Ω –≤—ã—Ö–æ–¥–∏—Ç –∏–∑ —Ä–µ–ª–∞–∫—Å–∏—Ä—É—é—â–µ–≥–æ –ø–æ—Ç–æ–∫–∞ –≤ –ø–æ—Å—Ç–µ–ø–µ–Ω–Ω–æ –ø–æ–≤—ã—à–∞—é—â–∏–π –≥—Ä–∞–¥—É—Å - —Ç–µ—Ö–Ω–∏—á–µ—Å–∫–∏–º–∏ –Ω–µ–¥–æ—Ä–∞–±–æ—Ç–∫–∞–º–∏, –Ω–µ—Å–∏—Ö–Ω—Ä–æ–Ω–Ω—ã–º –¥–≤–∏–∂–µ–Ω–∏–µ–º –æ–±—ä–µ–∫—Ç–æ–≤ –∏ –≤—ã–≤–æ–¥—è—â–∏–º–∏ –∏–∑ —Å–µ–±—è ""–≥–æ–ª–æ–≤–æ–ª–æ–º–∫–∞–º–∏"". –¢–æ –µ—Å—Ç—å –∑–∞–¥–∞—á–∏ –≤—Ä–æ–¥–µ –±—ã –ø—Ä–æ—Å—Ç—ã–µ, –ø—Ä–∏ –ø—Ä–æ—Å—ã–ø–∞–Ω–∏–∏ –∏–ª–∏ —Å–º–µ—Ä—Ç–∏ –Ω–∞—á–∏–Ω–∞—Ç—å —É—Ä–æ–≤–µ–Ω—å —Å–Ω–∞—á–∞–ª–∞ –Ω–µ –Ω—É–∂–Ω–æ, –Ω–æ –ø–æ—Å—Ç–æ—è–Ω–Ω—ã–µ —Å—Ç—ã–∫–∏ –Ω–∞ –µ—Ä—É–Ω–¥–æ–≤—ã—Ö –º–æ–º–µ–Ω—Ç–∞—Ö, –æ—Ç –∫–æ—Ç–æ—Ä—ã—Ö –ø—Ä–∏—Ö–æ–¥–∏—Ç—Å—è –ø–æ—Å—Ç–æ—è–Ω–Ω–æ –±–µ–≥–∞—Ç—å –∏ –∂–¥–∞—Ç—å —Ä–µ—Å–ø–∞–≤–Ω, –ø–æ–¥—Ç–∞—à–Ω–∏–≤–∞–µ—Ç. –í —Ñ–∏–Ω–∞–ª—å–Ω–æ–º —É—Ä–æ–≤–Ω–µ —Ç–∞–∫ –∏ —Å–æ–≤—Å–µ–º —Å–º–æ—Ç—Ä–∏—à—å –Ω–∞ –ø–ª–∞—Ç—Ñ–æ—Ä–º—ã, –∫–∞–∫ –Ω–∞ –æ–±—ä–µ–∫—Ç –Ω–µ–Ω–∞–≤–∏—Å—Ç–∏. ""–£—Ö, –ø–ª–∞—Ç—Ñ–æ—Ä–º—ã! –Ø –≤–∞—Å —Ç–∞–∫ –ø–æ—Ç–æ–ø—á—É - —á—Ç–æ –ø–ª–∏—Ç–∫–∞ –≤—Å—è –ø–æ—Ç—Ä–µ—Å–∫–∞–µ—Ç—Å—è!""–ö—Ä–æ–º–µ —Ç–æ–≥–æ, –∏–≥—Ä–∞ –Ω–µ –æ–±–æ—à–ª–∞—Å—å –±–µ–∑ —Å–±–æ—Ä–∞ –ø—Ä–µ–¥–º–µ—Ç–æ–≤, –∏ –∑–∞ –∏—Ö —Å–±–æ—Ä —Ä–∞–∑—Ä–∞–±–æ—Ç—á–∏–∫ –≥–æ—Ç–æ–≤ –¥–∞–∂–µ –æ—Ç–ø–ª–∞—Ç–∏—Ç—å —Ü–µ–ª—ã–º —Å–µ–∫—Ä–µ—Ç–Ω—ã–º —É—Ä–æ–≤–Ω–µ–º. –ö–æ—Ç–æ—Ä—ã–π –≤—ã –≤–ø—Ä–æ—á–µ–º –≤—Ä—è–¥ –ª–∏ –æ—Ç–∫—Ä–æ–µ—Ç–µ - –≤—ã –Ω–µ –º–æ–∂–µ—Ç–µ –ø–æ—Å–º–æ—Ç—Ä–µ—Ç—å, –≥–¥–µ –∫–∞–∫–∏–µ —Ü–≤–µ—Ç—ã –Ω–∞–¥–æ —Å–æ–±–∏—Ä–∞—Ç—å –∏ –≥–¥–µ —Å–æ–±—Å—Ç–≤–µ–Ω–Ω–æ –æ–Ω–∏ –Ω–µ —Å–æ–±—Ä–∞–Ω—ã. –ú–Ω–æ–≥–∏–µ —É—Ä–æ–≤–Ω–∏ –∏–∑-–∑–∞ —Å–≤–æ–µ–≥–æ –ª–µ–≤–µ–ª –¥–∏–∑–∞–π–Ω–∞ –æ–≥—Ä–æ–º–Ω—ã, –∏ –æ—Ç —Ç–æ–≥–æ —Å–±–æ—Ä –ø—Ä–µ–¥–º–µ—Ç–æ–≤ —è–≤–ª—è–µ—Ç—Å—è –æ—Ç–∫—Ä–æ–≤–µ–Ω–Ω–æ —Å–∫—É—á–Ω—ã–º –∑–∞–Ω—è—Ç–∏–µ–º.–ò –≤—Å—ë –∂–µ —ç—Ç–∞ –∏–≥—Ä–∞ –¥–µ—à—ë–≤–∞—è, —ç—Ç–∞ –∏–≥—Ä–∞ –∫—Ä–∞—Å–∏–≤–∞—è, —Å —Ö–æ—Ä–æ—à–µ–π –º—É–∑—ã–∫–æ–π –∏ –Ω–µ –∫—Ä–∏—á–∏—Ç ""–∑–∞–≥—Ä–∏–Ω–¥–∏ –≤—Å—ë, —á—Ç–æ–±—ã –æ—Ç–∫—Ä—ã—Ç—å –¥–æ—Å—Ç—É–ø –∫ —Å–µ–∫—Ä–µ—Ç–Ω–æ–º—É —Å—É–ø–µ—Ä –±–∞—Ç—Ç–ª—É —Å –º–µ–∂–≥–∞–ª–∞–∫—Ç–∏—á–µ—Å–∫–æ–π –∏–º–ø–µ—Ä–∞—Ç—Ä–∏—Ü–µ–π –ø–ª–∞—Ç—Ñ–æ—Ä–º"", —Ç–∞–∫ —á—Ç–æ –Ω–µ —Å—Ç—Ä–∞–¥–∞—é—â–∏–º —Å–∏–Ω–¥—Ä–æ–º–æ–º –ü–ª—é—à–∫–∏–Ω–∞ –∏ –¥–æ—Ç–æ—à–Ω—ã–º –ø–µ—Ä—Ñ–µ–∫—Ü–∏–æ–Ω–∏–∑–º–æ–º, –∏–≥—Ä–∞ –æ–±—è–∑–∞—Ç–µ–ª—å–Ω–æ —Å—ã–≥—Ä–∞–µ—Ç –ø–∞—Ä—É –∫—Ä–∞—Å–∏–≤—ã—Ö –Ω–æ—Ç–æ–∫ –≤—Å–µ–º –ª—é–±–∏—Ç–µ–ª—è–º –∂–∞–Ω—Ä–∞.";"842";"0";"0";"0"
"1";"51";"23";"57,7";"13 avril 2017";"'n Verlore Verstand is like a book you stay up all night to finish because you can't stop reading it. So I'm going to go ahead and give it a positive before I change my mind again. This game drives you absolute bonkers in the best possible way - hence the title. And while I understand all the bad reviews, the devs are very responsive and all the issues have been recently fixed. I played and replayed on different platforms and everything works fine.'n Verlore is more or less a 'platform' puzzle game and if you're going for the puzzle part (flower collecting, secret level location etc.), it can be very challenging and frustrating. People give up about halfway through. I personally suck at platforming so it took me longer to complete but if you don't, you're good to go. The jumps have to be very precise too because you can get stuck in certain places.Personally, ambience (in any game) is very important to me and I think all levels here were superbly done. The soundtrack is fantastic and adds that extra crazy to the game. So if you are a fan of weird abstract stuff like myself, this game is definitely for you.I wish more people bought it, really. Symbiosis of graphics, sound and challenge has been achieved.Keep in mind:- there is no story/story open to interpretation- save game is not strong AT ALL- you will probably consider jumping out of the window at some point Good Luck :)";"";"0";"0";"0"
"0";"10";"0";"15,3";"28 octobre 2017";"„Éá„É¢„ÇíË¶ã„Å¶ÊÇ™„ÅèÁÑ°„Åï„Åù„ÅÜ„Å®ÊÄù„ÅÑ„ÄÅ„Çª„Éº„É´„ÅÆÊôÇ„Å´Ë≥ºÂÖ•„Åó„Åæ„Åó„Åü„ÄÇÁµêË´ñ„Åã„ÇâË®Ä„ÅÜ„Å®ÈÄî‰∏≠Ôºà9Èù¢„Åè„Çâ„ÅÑÔºüÔºâ„ÅßÊå´Êäò„Åó„Åæ„Åó„Åü„ÄÇ„Ç∏„É£„É≥„Éó„Ç¢„ÇØ„Ç∑„Éß„É≥„ÇÑ„ÄÅËø∑Ë∑ØËÑ±Âá∫„ÄÅËµ∞„Å£„Å¶„Åè„ÇãËªä„ÇíÈÅø„Åë„ÇãÁ≠â„ÄÅÈù¢„Å´„Çà„Å£„Å¶ÈÅï„Å£„Åü„Ç≤„Éº„É†„ÅåÊ•Ω„Åó„ÇÅ„Åæ„Åô„ÄÇÂ∫èÁõ§„ÅØ„Å°„Çá„ÅÜ„Å©„ÅÑ„ÅÑÈõ£ÊòìÂ∫¶„Å™„ÅÆ„Åß„Åô„Åå„ÄÅÂæåÂçä„ÅØ„Å©„Çì„Å©„ÇìÈõ£ÊòìÂ∫¶„Åå‰∏ä„Åå„Çã„ÅÆ„Å´„Éü„Çπ„Åó„Åü„Å®„Åç„ÅÆ„É™„Çπ„Çø„Éº„Éà„ÅåÈù¢ÂÄíÔºà‰æã„Åà„Å∞Â§ïÁÑº„Åë„ÅÆÈÅ∫Ë∑°„Åß„ÅÆ„Ç∏„É£„É≥„Éó„Ç¢„ÇØ„Ç∑„Éß„É≥Èù¢„ÅßÈ´òÊâÄ„Åã„ÇâËêΩ„Å°„Å¶„ÇÇ„Åó„Å™„Å™„ÅÑ„ÅÆ„Åß„ÅÑ„Å°„ÅÑ„Å°‰∏ä‰∏ã„Åô„Çã„Ç®„É¨„Éô„Éº„Çø„Éº„ÅßÂÖÉ„ÅÆÈ´ò„Åï„Åæ„ÅßÊàª„ÇãÂøÖË¶Å„Åå„ÅÇ„ÇãÔºâ„Åß„Åã„Å™„Çä„Éï„É©„Çπ„Éà„É¨„Éº„Ç∑„Éß„É≥„Åå„Åü„Åæ„Çä„Åæ„Åó„Åü„ÄÇ„Åù„Çì„Å™„Åì„Çì„Å™„Åß„Å†„Çì„Å†„Çì„Éó„É¨„Ç§„Åô„ÇãÂñú„Å≥„Çà„Çä„ÇÇÈù¢ÂÄí„Åï„ÅåÂãù„Å£„Å¶„Åç„Åü„ÅÆ„Åß„ÇÆ„Éñ„Ç¢„ÉÉ„Éó„Åß„Åô„ÄÇ„Éë„Ç∫„É´„Å®„Ç¢„ÇØ„Ç∑„Éß„É≥Ë¶ÅÁ¥†„ÅÆÂÖ•„Å£„Åü„Ç¶„Ç©„Éº„Ç≠„É≥„Ç∞„Ç∑„Éü„É•„É¨„Éº„Çø„Åè„Çâ„ÅÑ„ÅÆ„Å§„ÇÇ„Çä„ÅßÊåëÊà¶„Åô„Çã„Å®ÔºàÁßÅ„Åß„ÅôÔºâÁóõ„ÅÑÁõÆ„ÇíË¶ã„Çã„ÅÆ„Åß„ÅîÊ≥®ÊÑè„ÇíÔºÅ";"";"0";"0";"0"
"0";"11";"1";"0,9";"13 septembre 2017";"Game kept crashing on startup until I disconnected my Xbox controller and started game straight from library versus Steam VR.  The game involves jumps, mazes, switches, and light puzzle elements.  You play different scenarios and end up at a tree where you then go to the next ""dream"" scenario.Unfortunately, the game just isn't fun to play.  It's more annoying than anything else.  The visuals are not that great.  It's VR done poorly. I can't recommend this game.  Lacks story, lacks polish, lacks fun gameplay.Rating 3/10";"";"0";"0";"0"
"1";"5";"0";"0,8";"1 avril 2017";"Ëø∑ÂÆ´ÊàêÂàÜËæÉÂ§ßÔºå‰ΩÜÊòØ...Êúâ‰∫õ‰∏úË•øÂæàÈöèÊú∫ÔºüË∞ÅËÉΩÂëäËØâÊàëËΩ¶ÈÇ£ÂÖ≥ËØ•ÊÄé‰πàËøáÂ§©Âïä...‰∏§ËæπÁöÑËΩ¶ÂêåÊó∂Êì¶ËøáÊÑüËßâÊó†Ëß£Ôºü...ÊÑüËßâÁâ©ÁêÜÂºïÊìé‰πüÊ≤°ÊúâÊÉ≥Ë±°ÂæóÂ•Ω...Áî±‰∫éÊâãÊÑü‰∏çÂ§™Â•ΩÔºåÊâÄ‰ª•ÂÖ∂ÂÆû‰∏çÂ§™ÊÉ≥ÁªôÂ•ΩËØÑ...";"97";"0";"0";"0"
"0";"11";"3";"1,6";"9 mars 2017";"A pretty good idea witch would be very enjoyable.If only the game wasn't completely broken with hundrends of bugs making it impossible to play.";"939";"0";"0";"0"
"1";"2";"2";"2,4";"4 mars 2017";"Â§ßÂçäÂ§úÁé©Â∑ÆÁÇπÂêìÊ≠ªÊàëÔºàÊ±óÔºâ";"3746";"0";"0";"0"
"0";"5";"1";"3,1";"26 janvier 2017";"–ù–µ–º–Ω–æ–≥–æ –∂–∞–ª—å –¥–µ–Ω–µ–≥, –Ω–æ –±–æ–ª—å—à–µ –Ω–µ—Ä–≤–æ–≤";"";"0";"0";"0"
"0";"4";"0";"1,7";"25 d√©cembre 2016";"ÂÜÖÂÆπ‰∏´ËØ∏ÂìüÂìüÂêß ÔºàËøòË°å ËøòÁÆóÊúâÊÑèÊÄù Â∞±ÊòØÂÜ≤Ëøô‰∏™ÊâçÁé©ÁöÑÔºâÂèØÁé©Ëµ∑Êù•Â§™Â∞ºÁéõÂùë‰∫Ü Èº†Ê†áÂ§™ÁÅµË∞É‰∫ÜÊ≤°ÂçµÁî®  Ë∑ëÁöÑÊó∂ÂÄôËøòËÑöÊªëÈ£ûËÄÅËøúÊúâÊó∂ÂÄôÊòéÊòéÊëî‰∏ãÂéª‰∫ÜÊàëÂèàÈ£ûÂõûÁü≥Â§¥‰∏ä ÁÑ∂ÂêéÁõ∏ÂèçÂú∞‰πüÊ≤°Á´ôÂæàËæπ‰∏äÂ∞±ÁªôÊëî‰∏ãÂéª‰∫Ü ËøòÂ•ΩÊòØÊâìÊäòÁöÑÊó∂ÂÄô‰π∞ÁöÑ";"54";"0";"0";"0"
"1";"9";"0";"12,2";"11 mars 2017";"Me a sorprendido la verdad, te asegura unas cuantas horas de juego, sobretodo por los controles que tiene tanto mando como teclado funcionan por igual, graficos bastantes decentes, hay muchas trampas cuidado, desde ser atropellado por autos, a ser aplastado y mas........................Facil, debes morir para aprender xd! No tengo el oculus igual me gusto. +10 horas de juego.‚ô•‚ô•: Al final me emocione tanto que casi lloro pero no xd! quiro mas :(-";"7214";"0";"0";"0"
"0";"3";"1";"0,1";"9 mars 2017";"its started > it crashed.. ok ok lets try it again right? its started > it crashed.its started > it crashed.its started > it did not crash.. but now i have to select mouse or gamepad > it crashedits started > it did not crash and i got to slect gamepad yes looks like i can finally play =D > choose your language .. ok Dutch. But how do i select it ? i pressed every button on my gamepad. Tried the mouse maybe? no Pressing Enter? ok... > nothingi use a Oculus CV1 This was my first try. And i still wanna play it let me know when its fixed.";"482";"0";"0";"0"
"0";"67";"6";"1,7";"23 janvier 2017";"'n Verlore Verstad is a fine looking game, but the total lack of story, narrative, and overall structure make it uninteresting to me.  It's simply a series of mild puzzles with no rhyme or reason as to why one would want to complete them.  For me, an adventure game is crucially bound together by the story, even though the story can (and probably should) be mostly inferred from in-game clues.  I got bored with 'n Verlore Verstad by the time I hit the floating rocks.  If there were a decent (musical) soundtrack, I likely would have played longer, but there are just a few washes of audio atmosphere.  ""Why am I here?  Where am I going?  Why am I going there (besides crippling boredom)?"" -- these are all questions that I was unable to answer in-game before I got bored enough to quit.";"";"0";"0";"0"
"0";"12";"0";"21,9";"9 janvier 2017";"The ‚ô•‚ô•‚ô•‚ô•: Sorry but there are some issues with this game. There are no save areas so when you come back you can start where you left off! And what is it with the truck levels? I find its random when you can finish it. The trucks headlamps are sometimes on the right side of the vehicles.is that a glitch? You also have a limited setup area where you cant take the music off, resolution choice..etcThe pros: I like the ideas and the levels , The Graffics are ok, what is the point of collection those colored flowers?Can you get a secret level anywhere?I clicked no because of the glitches...";"";"0";"0";"0"
"0";"25";"2";"1,7";"24 d√©cembre 2016";"OK, how do i put this without violating every single regulation ever put up.This game was the absolutely worst experience i have ever had. Controls, clipping, physics, movement, everything was clunky, didn't feel like they were properly implemented or tested, or anything of that sort. Examples: scene 3, ice land; why in the world would you not finish the bridges until they are actually connected to the rocks, you can get stuck in the gap and then you have to die. I clipped into every imaginable corner while playing because controls (aka m+kb) were so unsmooth and changing the mouse sensitivity did exactly nothing at all. Everything in the stages was absolutely ridiculously repetitive and boring and felt so unengaging, unimmersive because of all the flaws and were then even more annoying because of the badly set checkpoints. I don't know what else to say, really, I just cannot understand how one can charge 15 bucks for this one either, not even sure this was betatested or anything. I assumed not, since anyone could have pointed out that nothing felt good at all.I just got this gifted as a troll, and I really really do feel trolled and betrayed of *my* money, even though someone else paid for it. Maybe this is better if you try to get immersed into this, I don't know. PS: please remove the flickering lights, they literally gave me a headache, and there was no seizure/epilepsy warning, even though I don't even get seizures or have epilepsy. PPS: music in scene 8 was ok, that's about all the pros I have for thisIf this wasn't clear enough already, I cannot recommend this.Also, sorry for ranting a lot, I guess";"";"0";"0";"1"
"0";"9";"9";"2,6";"16 d√©cembre 2016";"never again";"";"0";"0";"1"
"1";"3";"2";"2,4";"24 septembre 2016";"mind‚ô•‚ô•‚ô•‚ô• 101";"965";"0";"0";"0"
"1";"4";"0";"8,8";"6 septembre 2016";"I like the game, its visuals and atmospheres. I disagree with negative reviews as i could not find a single, real bug. Please fix the VR version asap.";"2704";"0";"0";"0"
"0";"9";"0";"0,3";"4 septembre 2016";"Have most Vr games for occulus this is the only one that won't run and im sick of trying";"";"0";"0";"0"
"1";"3";"1";"0,8";"3 septembre 2016";":( having trouble getting it working with the oculus and windows10 :\ keeps crashing managed to get it working in windows7 mode but no vr";"";"0";"0";"0"
"0";"8";"0";"0,1";"25 juin 2016";"Ê∏∏ÊàèÁîªÈù¢Á≤óÁ≥ôÔºåÊìç‰ΩúÈöæËøáÔºåÂª∫ËÆÆÂ§ßÂÆ∂ËøòÊòØ‰∏çË¶Å‰π∞„ÄÇÊàëÊòØÁî®ÁöÑcv1ÔºåÁé©ÂÑøÁöÑÊÑüËßâÁúüÂøÉ‰∏çÊÄé‰πàËàíÊúçÔºåÂ§¥ËøòÊúâ‰∫õÊôïÔºåÈÉÅÈó∑ÔºÅ";"";"0";"0";"0"
"1";"0";"2";"6,4";"21 octobre 2016";"Ich spiele dieses coole Game auf MacOS, welche Display Aufl√∂sung brauche ich, um auf deutsch um zu stellen ??Ansonsten kann cih bisher keine negative Review, da das Spiel bisher mit level zu Level zwar schwieriger wird, aber das ist auch gut so.";"";"0";"0";"0"
"1";"6";"0";"6,3";"19 septembre 2016";"–ò–≥—Ä–∞ —Å—É–ø–µ—Ä!!!! –ï—Å—Ç—å –Ω–µ–∫–æ—Ç–æ—Ä—ã–µ –≥–ª—é–∫–∏, –Ω–æ –Ω–µ –º–µ—à–∞—é—Ç. –ò–≥—Ä–∞–ª —Å –¥–∂–æ–π—Å—Ç–∏–∫–æ–º –≤ Oculus. –û—â—É—â–µ–Ω–∏—è –Ω–µ–ø–µ—Ä–µ–¥–∞–≤–∞–µ–º—ã–µ - –æ–∫—É–Ω—É–ª—Å—è –≤ –º–∏—Ä –º–∏—Å—Ç–∏–∫–∏, –ø–æ—Ç—É—Å—Ç–æ—Ä–æ–Ω–Ω–µ–π —Ä–µ–∞–ª—å–Ω–æ—Å—Ç–∏. –ò–∑–Ω–∞—á–∞–ª—å–Ω–æ –ø–æ–ø—Ä–æ–±–æ–≤–∞–ª –¥–µ–º–æ –≤–µ—Ä—Å–∏—é. –ü–æ—Ç–æ–º —É–∂–µ –∫—É–ø–∏–ª –∏ –ø–æ—è–≤–∏–ª–∞—Å—å –ø—Ä–æ–±–ª–µ–º–∞ —Å –∑–∞–ø—É—Å–∫–æ–º - –≤—ã–ª–µ—Ç–∞–ª–∞ –Ω–∞ –ø–µ—Ä–≤–æ–º –∂–µ —ç–∫—Ä–∞–Ω–µ –ø–æ—Å–ª–µ –∑–∞–ø—É—Å–∫–∞. –ß–µ—Ä–µ–∑ debugger –≤—ã—è–≤–∏–ª –Ω–µ—Å–∫–æ–ª—å–∫–æ –æ—à–∏–±–æ–∫ –≤ –∫–æ–¥–µ. –ü–æ—Å–ª–µ —á–µ–≥–æ –ø–æ–ø—Ä–æ–±–æ–≤–∞–ª –∑–∞–ø—É—Å—Ç–∏—Ç—å –Ω–µ–ø–æ—Å—Ä–µ–¥—Å—Ç–≤–µ–Ω–Ω–æ –∏–∑ –ø–∞–ø–∫–∏ Steam —Å –ø—Ä–∞–≤–∞–º–∏ –∞–¥–º–∏–Ω–∏—Å—Ç—Ä–∞—Ç–æ—Ä–∞ –∏ —Å–æ–≤–º–µ—Å—Ç–∏–º–æ—Å—Ç—å—é —Å windows 8 - –≤—Å–µ –∑–∞–ø—É—Å—Ç–∏–ª–æ—Å—å –±–µ–∑ –ø—Ä–æ–±–ª–µ–º. –ü—Ä–∏ –Ω–∞–∂–∞—Ç–∏–∏ Shift –≤–æ –≤—Ä–µ–º—è –∑–∞–ø—É—Å–∫–∞ –ø–æ—è–≤–ª—è—é—Ç—Å—è –Ω–∞—Å—Ç—Ä–æ–π–∫–∏ —Ä–∞–∑—Ä–µ—à–µ–Ω–∏—è –≥—Ä–∞—Ñ–∏–∫–∏ –∏ –∫–∞—á–µ—Å—Ç–≤–æ.–í —Ü–µ–ª–æ–º, –æ—á–µ–Ω—å –¥–æ–≤–æ–ª–µ–Ω –ø—Ä–∏–æ–±—Ä–µ—Ç–µ–Ω–∏–µ–º! –°–ø–∞—Å–∏–±–æ —Ä–∞–∑—Ä–∞–±–æ—Ç—á–∏–∫–∞–º! –ù–∞–¥–µ—é—Å—å, –º–µ–ª–∫–∏–µ –æ—à–∏–±–∫–∏ –≤ –∏–≥—Ä–µ –∏—Å–ø—Ä–∞–≤–∏—Ç–µ –∏ —Å–æ–∑–¥–∞–¥–∏—Ç–µ –º–Ω–æ–≥–æ –Ω–æ–≤—ã—Ö –∏–≥—Ä –≤ —Ç–∞–∫–æ–º –∂–∞–Ω—Ä–µ!–û—Ü–µ–Ω–∫–∞ - 9/10 (–º–∏–Ω—É—Å 1 –±–∞–ª–ª –∑–∞ –æ—à–∏–±–∫–∏ –≤ –∏–≥—Ä–µ).";"";"0";"0";"0"
"0";"12";"0";"2,9";"8 juillet 2016";"Unfortunately, I can NOT recommend this game. Yes it was interesting at first but its extremely frusterating when its bugged and foro some reason you jump 20% lower than everone else. As a result, I wasted probablt an hour and a half in the city section of the game because I can't jump far enough. I waited before I gave a negative review as I did let the developers know about the issue but because its a game breaking issue and the developer seems to not give a ‚ô•‚ô•‚ô•‚ô•, this is going to have to get a down vote from me. Is a game worth it if its broken?PS: dont go into the settings menu. Youll get stuck, have to close the game forcefully and lose progress. Very dissapointing";"";"0";"0";"0"
"1";"11";"3";"8,3";"25 mai 2016";"Inhalt/Zusammenfassung 'n Verlore Verstand bietet viele Erkundungswege. Ein Baum f√ºhrt uns von einer Szenerie in die n√§chste - und diesen zu finden ist die Aufgabe im Spiel. [+]‚òõ Jedes Level bietet neue Landschaften/Szenen‚òõ musikalisch gut unterlegt‚òõ Puzzle sind gut zu l√∂sen (wenn man sich mit der Steuerung schnell auseinander gesetzt hat)[-]‚òõ Ich finde es pers√∂nlich Schade, das man so wenig mit seiner Umgebung machen kann. Licht an und aus schalten, h√ºpfen, schneller laufen... ist schon Mal ganz gut aber ich h√§tte mir mehr Interaktion mit den Gegenst√§nden gew√ºnscht. Gerade im ersten Level, wo man in einem mysteri√∂sen Raum landet. ‚òõ F√ºr 14,99 ‚Ç¨ ist mir das Spiel im Moment im Vergleich zum Spielinhalt fast etwas √ºberteuert, aber ich denke wenn mehr Level dazu kommen sollten, das es diesem Preis gerecht werden wird. Fazit: Es macht schon Spa√ü, aber ich rate davon ab es am St√ºck zu Ende bringen zu wollen. Gerade wegen den Puzzle, die das ein oder andere Mal frustrieren. Die Erkundung kommt einem ein bisschen wie ein verr√ºckter Traum vor - deswegen vielleicht auch der Name des Spiels? Jedenfalls hat es keinen Erz√§hler. Aber daf√ºr einiges an Atmosph√§re. Ich gebe dem Spiel einen Daumen hoch, obwohl ich sagen muss, dass es seinen Preis noch nicht wert ist.";"";"0";"0";"0"
"1";"8";"0";"2,1";"13 avril 2016";"Yes I like it. It is a weird puzzel where you need to sort things out without hints. I found it to be very enjoyable.";"80";"0";"0";"0"
"0";"17";"0";"0,2";"11 avril 2016";"The game has default Unity FPS controls and isn't customized for VR and will cause VR sickness.";"";"0";"0";"0"
"0";"13";"2";"0,2";"10 avril 2016";"The game is probably good but couldn't recomend the VR experience it was somewhat unpleasant.";"";"0";"0";"0"
"1";"5";"0";"2,0";"4 avril 2016";"Variety is the spice of life and this game has it in spades.";"";"1";"0";"0"
"0";"17";"1";"0,1";"13 avril 2016";"Don't buy for VR. The game supports it, but the movement controls don't move you in relation to the direction you're looking, which is extremely hard to deal with.";"982";"0";"1";"0"
"1";"13";"1";"12,3";"8 avril 2016";"Amazing game! Really love the atmosphere in each level and the variety in levels keep things fresh. Also really like the simple pick up and play style with no overtly complicated gameplay mechanics. The gameplay also feels nicely varied between platforming, puzzle solving, avoiding hazards and exploring the levels.My interpretation of the story (dont know if this can be seen as a Spoiler Alert as the game is Abstract and it is up to each player to find their own meaning):A person is trapped in a coma and these are the dreams that he/she is witnissing, trapped in a loop which is why some themes seem to repeat in different ways. I think each environment type represents a different stage in his/her life and how it progressed before the coma. I think the tree represents the person's consciousness and how the person wants to escape this loop and get back to reality.Want to play through it again as it was an amazing experience and want to further analyze the levels to see if I can try and interpret a bit more.";"";"0";"0";"0"
"0";"31";"2";"0,8";"8 avril 2016";"Puzzles are extremely easy and gameplay is linear. Sometimes it seems like there might be other ways for you to do the (also extremely easy) platforming, but there isn't. For as far as I played into it, there was no real story, just abstract levels meant to represent one without actually giving you anything substantial.While the platforming was easy, the settings for running and jumping are way too floaty and the platforms themselves don't feel especially solid--either you smash into a platform and glitch on top of it, or you land on it and manage to slide off--which gave platforming portions a sense of false difficulty.";"455";"0";"0";"0"
"1";"10";"1";"0,7";"3 avril 2016";"I havent played much of it so far but i can tell you that this is a very well designed game. Pros:- Great graphics. Very realistic.- Nice ambiance (music, sound etc).- Ease of controls.- Variations of lvl's.and- The ability to suck one's mind into the game. You can really lose yourself in it lol.‚ô•‚ô•‚ô•‚ô•:- Difficulty in some lvl's bare the on the edge of unreasonable at times.- Occassional bugs. (getting stuck sometimes on NOTHING lol)- Lack of story. (SOMETHING is better than NOTHING) i mean is your character in a coma and trying to fight back to consciousness? Is your character dead or something? Is it a nightmare? What does the Tree symboliaze?(although most of these ‚ô•‚ô•‚ô•‚ô• can be solved by me playing some more of the game and HOPE a story emerges lol)either way i am very pleased with this purchase and it deserves more attention :)";"";"1";"0";"0"
"0";"94";"13";"1,9";"16 mars 2016";"Die ersten 4-5 Levels sind echt in Ordnung. Dann beginnt die frustrierendste und nervigste Zeit die ich jemals in einem Videospiel hatte. Spielstreckung zusammen mit extrem nervigen Puzzles in Umgebungen die man bereits als Levels zuvor kennt. Null Spa√ü. Ich wollte mich zwingen es f√ºr das Video zu Ende zu spielen. Geht nicht.";"4831";"1";"0";"0"
"1";"51";"2";"5,7";"13 f√©vrier 2016";"It all started when I walked towards that damn tree‚Ä¶ Then everything suddenly swirled and whirled before it faded to black. I woke up facing a door with wood panels keeping it closed. I hoped beyond hope that those wood panels were there to protect me but knowing that whatever was behind those panels could quickly tear those panels apart just as quickly as it would devour me. The vision behind those panels was blurry and it made me wonder where I was. What was I supposed to do? I turned around and explored‚Ä¶.There have been some mind trick games released over the past few years. Among my favorites are Antichamber not only because the developer, Alexander Bruce, is from my home town but because it is a genuinely fantastic game, the Portal series with their fabulous puzzles and more recently in a different vein, Pony Island. The really games in this subgenre (if you can call it that) have an effect on you long after you‚Äôve put them down. They make you think outside of the box to the point where you may even question if there is a box at all or if the box is simply your self-constrained imagination. In other words, it makes you question reality. This game does that in a manner that is both similar to the aforementioned games ‚Äì particularly Antichamber ‚Äì but also in a manner that is unique in and of itself.The first time that I spent time with ‚Äòn Verlore Verstand I was feeling off color beforehand. That wasn‚Äôt such a clever idea. One of the game‚Äôs intentions is to disorientate you. It definitely had that effect on me to the point where I felt nauseous. That‚Äôs not the game‚Äôs fault but something that I felt that I should share given my experience with it. It wasn‚Äôt a good feeling. Thankfully when I was feeling better and I played it again I only got the sense of being disorientated ‚Äì the game‚Äôs intention.The objective of the game is to clearly solve each dream state which, in my experience, ends with a tree in every map. Each dream is different than the one previous to it and thus far I‚Äôve not come across two similar, environmentally, dreams. Each dream encourages you to explore every nook and cranny. You will come across outdoor and indoor settings throughout your journey with each level increasing its level of disorientation.While it‚Äôs not a game of the year contender it will be a memorable experience and for that very reason ‚Äòn Verlore Verstand deserves to be recommended for fans of alternate realities and mind bending enthusiasts.For similar reviews and our popular daily giveaways please visit http://www.steamified.com/To join our community join our Steam group http://steamcommunity.com/groups/Steamified";"5822";"1";"0";"0"
"0";"25";"3";"0,8";"12 f√©vrier 2016";"Ich habe jetzt lange √ºberlegt was ich zu diesem Spiel schreibe. Ich bin mir in meiner Wertung auch noch nicht so ganz sicher, ich bewerte es so, wie es im Moment ist und das ist nicht besonders gut.'n Verlore Verstand kostet relativ viel Geld f√ºr den Umfang den es im Moment bietet. Okay es ist Early Access und es werden wohl noch einige Level kommen, die die da sind hat man aber in nicht einmal einer Stunde durch. Besonders anspruchsvoll ist das nicht.Das erste Level ist durch G√§nge laufen, den Sinn dort findet man leicht raus durch try and error. Das zweite und vierte Level sind reines Jump and Run und das dritte Level war ein Witz. Kleiner Tipp, lauft in der Mitte der Stra√üe, dann ist das Level eher ein ""Walking SImulator"".Diese Jump and Run Level fand ich allerdings ganz gut, vor allem jetzt nach dem Update, nachdem es Checkpoints gibt, sonst waren die wirklich kaum m√∂glich bzw. echt nervig alles nochmal von vorne zu spielen. Nebenbei sei √ºbnrigens bemerkt, dass ich es ohne VR gespielt habe, dazu kann ich also nichts sagen.Ich glaube das 'n Verlore Verstand, wenn noch etliche Level eingepflegt werden sein Geld wert ist, denn manche Level machen Spa√ü, aber im Moment w√ºrde ich eher warten und noch nicht kaufen, daf√ºr bietet es f√ºr den Preis einfach viel zu wenig. Es gibt aber auch Spiele, die mir gefallen[mediennerd.de]";"5687";"1";"0";"0"
"0";"20";"7";"0,3";"5 f√©vrier 2016";"Do not buy for DK2 they have this camera effect that gives you a headache looks weird dont buy for VR";"";"1";"0";"0"
"1";"2";"2";"0,6";"4 f√©vrier 2016";"oculus dk2 sdk0.8 windows10 64bit  .works perfectly.effect is very good~";"111";"1";"0";"0"
"1";"43";"2";"3,0";"12 f√©vrier 2016";"NOTE: I did not play the game with VR, so this review doesn't touch that aspect.Now that the game is out of Early Access, I'd like to give my review an update. Overall,  I'd still recommend it, however I understand the game's current ""Mixed"" rating. If Steam gave individual users the option to rate a game as ""Mixed,"" I would give this game that rating myself. 'n Velore Verstand will probably only appeal to a particular niche. I feel there are a few things to consider when deciding if it appeals to you, personally:Gameplay-wise, the game is a first-person platformer with some puzzle-solving. I've read some reviews saying it was too easy, others too hard. I just found it frustrating, but I think that's more an element of first-person platforming in general than anything the game specifically did.Narratively, there's no direct story. It's more or less levels with repeating themes meant to feel like playing a dream. Coincidentally, my dreams too involve a lot of walking and jumping. I still think the soundtrack is great. While it lacks a bit of unity at points (some levels containing electronic ambient music and others with orchestral strings), it suits the game well.The game isn't quite as pretty as it looks in the screenshots, and some of the levels lose their charm when you play through two versions with different difficulties. The recursion does fit the dream motif, though, so thematically it makes sense. Gameplay-wise, it makes the game a little lackluster after the initial allure of the atmosphere fades. It lacks polish, as well. There's a bit of a divide between some of the more surreal, otherworldly levels and the more grounded, albeit not-quite-real-world ones. The former can be stunning, creating a truly alien atmosphere, but the latter are less impressive. Some of the frustration with the platforming comes from unsatisfying feedback, some physics issues (getting stuck in a crack and then shot into the air), and a general feeling of disconnect from the world. If the game looks interesting to you and the aspects outlined above add up to something you might like, I think it's worth checking out.";"";"0";"0";"0"
"1";"39";"2";"0,9";"4 f√©vrier 2016";"An Abstract Exploration / Platformer Dream Simulator 	 	 		Vid√©o YouTube‚Ñ¢: [Early Access] 'n Verlore Verstand || Part 1 || Abstract Exploration / Platformer Dream Simulator¬† 		 			Vues¬†: 3,452		 		 			#verloregame http://store.steampowered.com/app/439550/ In this game you basically explore a variety of dreams and get transported to a new one when you complete each level which typically involves...		 	 In this game you basically explore a variety of dreams and get transported to a new one when you complete each level which typically involves finding a tree at the end. + Each ""Dream"" is very different from the last which encourages you to+ Graphically this game looks pretty good, especially considering the great variety of stages+ Some unexpected surprises One stage trucks are literally trying to run you over and end up suiciding into rocks and blowing themselves up lol+ Some stages are pretty challenging, and does require a fair bit of platforming skills+ Active Devs who responded to my feedback extremely quickly!(This game just released in Early Access so don't take these negatives too seriously)- Some stages are a bit too long, and lack any checkpoints causing you to reset the entire level if you fall or messup. Dev Response: ""this is something that we will be working in soon"". - The controls are bit strange on a controller, Y to Run, B to Jump, making it a bit hard to run and jump at the same time (which you will need to do a lot)Dev Response: ""we integrated the ability to change the buttons to whatever the player is most comfortable withm so feel free to change the keys to your heart's desire :)""- I feel like movement in general could be improved, especially in the parkour stages.[Bug] I had some audio issues with my virtual surround headset, footsteps and certain other sounds come entirely from the right side of my headset which is very disorientating, I truly hope they fix this at some point. Stereo users should be fine.Dev Response: thanks for the heads up on the Sound issues you are having we will be sure to test this out a bit more and get it fine tuned.I really enjoyed the concept of this game and feel like I'd like to see more types of dreams, maybe explore some more fears, and add some more good dreams as well. Lots of potential.Dev Response: ""we will be adding more level types and variations of existing types in the near future with the next level to be done and uploaded on Monday, so stay tuned :)""";"15647";"1";"0";"0"
"1";"10";"3";"4,5";"6 f√©vrier 2016";"S√ºrreal oyunlarƒ± oldum olasƒ± √ßok beƒüenirim. Hakkƒ±nƒ± veren bir oyun olmu≈ü. Enteresan gizemli bi havasƒ± var . Ben √ßok beƒüendim . Ba≈üarƒ±lƒ±";"1167";"1";"0";"0"
"1";"8";"1";"5,0";"5 f√©vrier 2016";"'n Verlore Verstand - —Ü–µ —á—É–¥–æ–≤–∞ –≥—Ä–∞ –∑ –≤—ñ–¥–∫—Ä–∏—Ç–∏–º —Å–≤—ñ—Ç–æ–º.–ü–ª—é—Å–∏:+ –í—ñ–∑—É–∞–ª—å–Ω–æ –≥—Ä–∞ –¥—É–∂–µ –∫—Ä–∞—Å–∏–≤–∞+ –ü—Ä–∏–∫–æ–ª—å–Ω—ñ –≥–æ–ª–æ–≤–æ–ª–æ–º–∫–∏+ –ú–∞—î –≤–µ–ª–∏–∫–∏–π –ø–æ—Ç–µ–Ω—Ü—ñ–∞–ª –≤ –º–∞–π–±—É—Ç–Ω—å–æ–º—É+ –ü–æ–≤–Ω–∞ –ø—ñ–¥—Ç—Ä–∏–º–∫–∞ –∫–æ–Ω—Ç—Ä–æ–ª–µ—Ä—ñ–≤–ú—ñ–Ω—É—Å–∏–£ –≥—Ä—ñ –Ω–µ–º–∞—î —á–µ–∫–ø–æ—ñ–Ω—Ç—ñ–≤–ù–∞ –¥–∞–Ω–∏–π –º–æ–º–µ–Ω—Ç –¥–æ—Å—Ç—É–ø–Ω–æ —Ç—ñ–ª—å–∫–∏ 4 —Ä—ñ–≤–Ω—ñ,–∞ —Ü–µ –º–∞–ª–æ –Ω–∞–≤—ñ—Ç—å –¥–ª—è —Ä–∞–Ω–Ω—å–æ–≥–æ –¥–æ—Å—Ç—É–ø—É–ó–∞–≥–∞–ª–æ–º –≥—Ä–∞ —Å–ø–æ–¥–æ–±–∞–ª–∞—Å—å,—ñ —è —Ä–µ–∫–æ–º–µ–Ω–¥—É—é —ó—ó!";"";"0";"0";"0"
"1";"25";"2";"1,0";"4 f√©vrier 2016";"I played through this game in one sitting, and I loved every second of it. The game is visually astounding. The surroundings gave the game a certain artistic touch, that just resonated the time and effort put into this game. The puzzles were challenging in their own respect, but not impossible by any means. I loved the way you hopped from one dream/nightmare to the next once you completed a sequence. Without further ado, I will introduce some pros and ‚ô•‚ô•‚ô•‚ô•!(Note: I did not play this with virtual reality, so my review is without that aspect.)Pros:-Game is visually astounding-The puzzles are fun and different in their own respects-It has a lot of potential for a great storyline as time goes on-Full Controller Support FTW (personal preference for games like this)‚ô•‚ô•‚ô•‚ô•:-Game does not have any checkpoint features, which means one slip up and you are doing the WHOLE puzzle again (The devs responded to the review saying they are going to work on a checkpoint system.)-There is not a lot done due to early access, so you can only play four levels as of right now.-The pricing is a little hefty for only four levels, but obviously it is early accessThat just about does it for me. I personally loved the game. There seems to be a lot of potential here for growth. I look forward to seeing where the developers take the game, and I hope that there is a great deal more to come. If you would like to check out some gameplay of it before making your purchase, then check out my Youtube video on it. I only have the first part up currently, but more to come. I hope you guys enjoy the beauty of the game as much as I did, and I highly recommend supporting this indie developer to see the project grow. That does it for me guys :)!Youtube video  here Part 2 to the video  here";"";"1";"0";"0"
"1";"20";"0";"1,3";"3 f√©vrier 2016";"'n Verlore Verstand - –Ω–µ–æ–±—ã—á–Ω—ã–π –∏—Å—Å–ª–µ–¥–æ–≤–∞—Ç–µ–ª—å—Å–∫–∏–π –ø–ª–∞—Ç—Ñ–æ—Ä–º–µ—Ä. –ü—Ä–∏—á–µ–º ""–Ω–µ–æ–±—ã—á–Ω—ã–π"" –≤ —Ö–æ—Ä–æ—à–µ–º —Å–º—ã—Å–ª–µ —Å–ª–æ–≤–∞. –ú—ã –æ–∫–∞–∑—ã–≤–∞–µ–º—Å—è –ø–æ—Å—Ä–µ–¥–∏ –ø—É—Å—Ç—ã–Ω–Ω–æ–π —Å—Ç–µ–ø–∏, –≥–¥–µ –≤–æ–∫—Ä—É–≥ –Ω–∞—Å –Ω–∏—á–µ–≥–æ, —Ç–æ–ª—å–∫–æ –æ–¥–∏–Ω–æ–∫–æ–µ –¥–µ—Ä–µ–≤–æ –ø—Ä–∏–≤–ª–µ–∫–∞–µ—Ç –∫ —Å–µ–±–µ –≤–Ω–∏–º–∞–Ω–∏–µ. –ü–æ–¥—Ö–æ–¥—è –∫ –Ω–µ–º—É –Ω–∞—Å –ø–µ—Ä–µ–Ω–æ—Å–∏—Ç –≤ –¥—Ä—É–≥–æ–µ –∏–∑–º–µ—Ä–µ–Ω–∏–µ –∏–ª–∏ –º–∏—Ä.–ò–≥—Ä–∞ –ø—Ä–µ–¥—Å—Ç–∞–≤–ª—è–µ—Ç –∏–∑ —Å–µ–±—è –Ω–∞–±–æ—Ä —Ä–∞–∑–Ω–æ–ø–ª–∞–Ω–æ–≤—ã—Ö —É—Ä–æ–≤–Ω–µ–π, –≤ –∫–∞–∂–¥–æ–º –∏–∑ –∫–æ—Ç–æ—Ä—ã—Ö –Ω–µ–æ–±—Ö–æ–¥–∏–º–æ –¥–æ–±—Ä–∞—Ç—å—Å—è –¥–æ –∏—Å–∫–æ–º–æ–≥–æ –¥–µ—Ä–µ–≤–∞, –∫–æ—Ç–æ—Ä—ã–π –ø–µ—Ä–µ–Ω–µ—Å–µ—Ç –Ω–∞—Å –¥–∞–ª—å—à–µ. –ö –ø—Ä–∏–º–µ—Ä—É, –≤ –ø–µ—Ä–≤–æ–º —É—Ä–æ–≤–Ω–µ –Ω–∞—Å –∂–¥–µ—Ç –º—Ä–∞—á–Ω—ã–π –¥–æ–º —Å –ª–∞–±–∏—Ä–∏–Ω—Ç–æ–æ–±—Ä–∞–∑–Ω—ã–º–∏ –∫–æ—Ä–∏–¥–æ—Ä—á–∏–∫–∞–º–∏, –≤–æ –≤—Ç–æ—Ä–æ–º - ""–ø–æ–ø—Ä—ã–≥—É—à–∫–∏"" –ø–æ –º–æ—Å—Ç–∞–º –≤ –æ–∫—Ä—É–∂–µ–Ω–∏–∏ —Ç—É–º–∞–Ω–∞ –∏ —Ç.–¥.'n Verlore Verstand –µ—â–µ –µ—Å—Ç—å –∫—É–¥–∞ –ø—Ä–∏–±–∞–≤–ª—è—Ç—å, —Ç–µ–∫—Å—Ç—É—Ä–∫–∏ –º–µ—Å—Ç–∞–º–∏ –¥–µ—Ä–≥–∞—é—Ç—Å—è, –æ–∫–æ–Ω–Ω—ã–π —Ä–µ–∂–∏–º —Ä–∞–±–æ—Ç–∞–µ—Ç –Ω–µ —Å–æ–≤—Å–µ–º –∫–æ—Ä—Ä–µ–∫—Ç–Ω–æ, –Ω–æ —è –±–æ–ª–µ–µ —á–µ–º —É–≤–µ—Ä–µ–Ω, —á—Ç–æ —ç—Ç–æ –±—É–¥–µ—Ç –∏—Å–ø—Ä–∞–≤–ª–µ–Ω–æ –≤ –±–ª–∏–∂–∞–π—à–∏—Ö –æ–±–Ω–æ–≤–ª–µ–Ω–∏—è—Ö, —Ç–µ–º –±–æ–ª–µ–µ —Ä–∞–∑—Ä–∞–±–æ—Ç—á–∏–∫–∏ —Å–∞–º–∏ –ª—é–±–µ–∑–Ω–æ —É–∫–∞–∑–∞–ª–∏ —Ç–µ–∫—É—â–∏–µ –ø—Ä–æ–±–ª–µ–º—ã –Ω–∞ —Å—Ç—Ä–∞–Ω–∏—á–∫–µ —Å –∏–≥—Ä–æ–π.–ù–µ–ø–ª–æ—Ö–æ –±—ã–ª–æ –±—ã –¥–æ–±–∞–≤–∏—Ç—å –≤ –∏–≥—Ä—É –∫–∞–∫–∏–µ-–Ω–∏–±—É–¥—å –∑–∞–ø–∏—Å–∏ –¥–ª—è —Å—é–∂–µ—Ç–∞ –∏–ª–∏ –∫–∞–∫–æ–π-—Ç–æ –∏–Ω—Ç—Ä–∏–≥–∏. –ù–æ —ç—Ç–æ –º–æ–µ –ò–ú–•–û, –º–æ–∂–µ—Ç –±—ã—Ç—å –Ω–∞ —ç—Ç–æ —Ä–∞—Å—á–µ—Ç, —á—Ç–æ–±—ã –º—ã, –∏–≥—Ä–æ–∫–∏, —Å–∞–º–∏ –≤—Å–µ –¥–æ–¥—É–º–∞–ª–∏. –ü–æ–¥–æ–∂–¥–µ–º –ø–æ–ª–Ω–æ–≥–æ –∫–æ–º–ø–ª–µ–∫—Ç–∞ —ç—Ç–∞–ø–æ–≤.–î–ª—è –ø–µ—Ä–≤–æ–π –≤–µ—Ä—Å–∏–∏ –≤ —Ä–∞–Ω–Ω–µ–º –¥–æ—Å—Ç—É–ø–µ –∏–≥—Ä–∞ –≤—ã–≥–ª—è–¥–∏—Ç –±–æ–ª–µ–µ —á–µ–º —Ö–æ—Ä–æ—à–æ, –ª—É—á—à–µ –º–Ω–æ–≥–∏—Ö –ø—Ä–æ–µ–∫—Ç–æ–≤ –Ω–∞ —ç—Ç–æ–π –∂–µ —Å—Ç–∞–¥–∏–∏ —Ä–∞–∑—Ä–∞–±–æ—Ç–∫–∏. –ú–µ—Å—è—Ü-–¥—Ä—É–≥–æ–π –∏ –∏–≥—Ä–∞ ""–æ–±—Ä–∞—Å—Ç–µ—Ç"" –Ω–æ–≤—ã–º–∏ —É—Ä–æ–≤–Ω—è–º–∏, –∏—Å–ø—Ä–∞–≤—è—Ç —Ç–µ–∫—É—â–∏–µ –±–∞–≥–∏, –¥–æ–±–∞–≤—è—Ç –∞—á–∏–≤–∫–∏ –∏ –∫–∞—Ä—Ç–æ—á–∫–∏, –∏ –≤—Å–µ –±—É–¥–µ—Ç –≤ ""–∞–∂—É—Ä–µ""! –ñ–¥–µ–º —Ñ–∏–Ω–∞–ª—å–Ω–æ–π –≤–µ—Ä—Å–∏–∏!";"3818";"1";"0";"0"
